{
  "/api/offeringservice/getplafon" : {
    "transaction" : "/api/offeringservice/getplafon",
    "sampleCount" : 30863,
    "errorCount" : 3,
    "errorPct" : 0.009720377,
    "meanResTime" : 81.58351424035278,
    "medianResTime" : 75.0,
    "minResTime" : 1.0,
    "maxResTime" : 471.0,
    "pct1ResTime" : 114.0,
    "pct2ResTime" : 133.0,
    "pct3ResTime" : 195.0,
    "throughput" : 31.875427322621093,
    "receivedKBytesPerSec" : 10.963550461637531,
    "sentKBytesPerSec" : 19.110947218039364
  },
  "/api/offeringservice/getoffering" : {
    "transaction" : "/api/offeringservice/getoffering",
    "sampleCount" : 30837,
    "errorCount" : 0,
    "errorPct" : 0.0,
    "meanResTime" : 95.71962253137454,
    "medianResTime" : 88.0,
    "minResTime" : 61.0,
    "maxResTime" : 1176.0,
    "pct1ResTime" : 131.0,
    "pct2ResTime" : 152.0,
    "pct3ResTime" : 216.0,
    "throughput" : 31.86423934810418,
    "receivedKBytesPerSec" : 263.3156185191969,
    "sentKBytesPerSec" : 20.008501856280265
  },
  "/api/paylaterservice/v1/transaction/getpaylateraccountinformation" : {
    "transaction" : "/api/paylaterservice/v1/transaction/getpaylateraccountinformation",
    "sampleCount" : 30157,
    "errorCount" : 0,
    "errorPct" : 0.0,
    "meanResTime" : 2072.891401664621,
    "medianResTime" : 561.0,
    "minResTime" : 146.0,
    "maxResTime" : 50973.0,
    "pct1ResTime" : 8945.500000000007,
    "pct2ResTime" : 20901.600000000006,
    "pct3ResTime" : 36321.93000000001,
    "throughput" : 31.023900861780742,
    "receivedKBytesPerSec" : 13.512363070658408,
    "sentKBytesPerSec" : 19.662609042280955
  },
  "/api/offeringservice/getdebiturdata" : {
    "transaction" : "/api/offeringservice/getdebiturdata",
    "sampleCount" : 30810,
    "errorCount" : 4,
    "errorPct" : 0.012982798,
    "meanResTime" : 4385.685329438518,
    "medianResTime" : 1583.0,
    "minResTime" : 212.0,
    "maxResTime" : 300220.0,
    "pct1ResTime" : 22090.600000000006,
    "pct2ResTime" : 32971.65000000001,
    "pct3ResTime" : 38378.94000000001,
    "throughput" : 27.107877209498753,
    "receivedKBytesPerSec" : 13.31821102225336,
    "sentKBytesPerSec" : 17.44483522104886
  },
  "/api/paylaterservice/v1/user/paylatermenu" : {
    "transaction" : "/api/paylaterservice/v1/user/paylatermenu",
    "sampleCount" : 30896,
    "errorCount" : 19,
    "errorPct" : 0.061496634,
    "meanResTime" : 77.5411380113935,
    "medianResTime" : 69.0,
    "minResTime" : 0.0,
    "maxResTime" : 1085.0,
    "pct1ResTime" : 97.0,
    "pct2ResTime" : 116.0,
    "pct3ResTime" : 191.9900000000016,
    "throughput" : 31.88701658855572,
    "receivedKBytesPerSec" : 12.215191603920752,
    "sentKBytesPerSec" : 19.450321744819753
  },
  "/api/informationservice/tnc" : {
    "transaction" : "/api/informationservice/tnc",
    "sampleCount" : 30401,
    "errorCount" : 0,
    "errorPct" : 0.0,
    "meanResTime" : 50.694812670635756,
    "medianResTime" : 47.0,
    "minResTime" : 41.0,
    "maxResTime" : 1115.0,
    "pct1ResTime" : 54.0,
    "pct2ResTime" : 64.0,
    "pct3ResTime" : 110.0,
    "throughput" : 31.49784961722047,
    "receivedKBytesPerSec" : 170.93120148720132,
    "sentKBytesPerSec" : 20.947300380202282
  },
  "/api/userservice/getmenuislandlist" : {
    "transaction" : "/api/userservice/getmenuislandlist",
    "sampleCount" : 30922,
    "errorCount" : 47,
    "errorPct" : 0.15199535,
    "meanResTime" : 111.67084923355557,
    "medianResTime" : 102.0,
    "minResTime" : 0.0,
    "maxResTime" : 4026.0,
    "pct1ResTime" : 127.0,
    "pct2ResTime" : 146.0,
    "pct3ResTime" : 218.9900000000016,
    "throughput" : 31.861795520677916,
    "receivedKBytesPerSec" : 34.54125160902222,
    "sentKBytesPerSec" : 18.14356091010444
  },
  "/api/offeringservice/getinsurance" : {
    "transaction" : "/api/offeringservice/getinsurance",
    "sampleCount" : 30424,
    "errorCount" : 0,
    "errorPct" : 0.0,
    "meanResTime" : 84.06340389166394,
    "medianResTime" : 77.0,
    "minResTime" : 53.0,
    "maxResTime" : 1114.0,
    "pct1ResTime" : 117.0,
    "pct2ResTime" : 138.0,
    "pct3ResTime" : 198.0,
    "throughput" : 31.49903040882271,
    "receivedKBytesPerSec" : 171.92195405752943,
    "sentKBytesPerSec" : 20.48667407448821
  },
  "/api/mortgageservice/getmortgageapplicationparameter" : {
    "transaction" : "/api/mortgageservice/getmortgageapplicationparameter",
    "sampleCount" : 30291,
    "errorCount" : 16,
    "errorPct" : 0.05282097,
    "meanResTime" : 1896.6173780991005,
    "medianResTime" : 1068.0,
    "minResTime" : 130.0,
    "maxResTime" : 39686.0,
    "pct1ResTime" : 7080.9000000000015,
    "pct2ResTime" : 10985.650000000005,
    "pct3ResTime" : 21048.43000000009,
    "throughput" : 31.203997770775107,
    "receivedKBytesPerSec" : 110.87178666863767,
    "sentKBytesPerSec" : 24.95710368580548
  },
  "Total" : {
    "transaction" : "Total",
    "sampleCount" : 336363,
    "errorCount" : 89,
    "errorPct" : 0.02645951,
    "meanResTime" : 815.895660343151,
    "medianResTime" : 90.0,
    "minResTime" : 0.0,
    "maxResTime" : 300220.0,
    "pct1ResTime" : 1634.9000000000015,
    "pct2ResTime" : 5257.550000000007,
    "pct3ResTime" : 39142.98,
    "throughput" : 295.21607823208956,
    "receivedKBytesPerSec" : 703.1742147202556,
    "sentKBytesPerSec" : 188.9071913022357
  },
  "/api/offeringservice/getinsurancekring" : {
    "transaction" : "/api/offeringservice/getinsurancekring",
    "sampleCount" : 30450,
    "errorCount" : 0,
    "errorPct" : 0.0,
    "meanResTime" : 83.46738916256183,
    "medianResTime" : 77.0,
    "minResTime" : 54.0,
    "maxResTime" : 3122.0,
    "pct1ResTime" : 117.0,
    "pct2ResTime" : 136.0,
    "pct3ResTime" : 198.0,
    "throughput" : 31.507224932613855,
    "receivedKBytesPerSec" : 17.138207311978437,
    "sentKBytesPerSec" : 20.27662229550052
  },
  "/api/loginservice/v2/login" : {
    "transaction" : "/api/loginservice/v2/login",
    "sampleCount" : 1,
    "errorCount" : 0,
    "errorPct" : 0.0,
    "meanResTime" : 1425.0,
    "medianResTime" : 1425.0,
    "minResTime" : 1425.0,
    "maxResTime" : 1425.0,
    "pct1ResTime" : 1425.0,
    "pct2ResTime" : 1425.0,
    "pct3ResTime" : 1425.0,
    "throughput" : 0.7017543859649122,
    "receivedKBytesPerSec" : 12.883771929824562,
    "sentKBytesPerSec" : 0.8257949561403508
  },
  "esbmockupservice/signature_validate_event" : {
    "transaction" : "esbmockupservice/signature_validate_event",
    "sampleCount" : 30311,
    "errorCount" : 0,
    "errorPct" : 0.0,
    "meanResTime" : 45.90359935337007,
    "medianResTime" : 40.0,
    "minResTime" : 34.0,
    "maxResTime" : 6824.0,
    "pct1ResTime" : 47.0,
    "pct2ResTime" : 55.0,
    "pct3ResTime" : 101.0,
    "throughput" : 31.468930776865545,
    "receivedKBytesPerSec" : 7.129679629133601,
    "sentKBytesPerSec" : 18.838334537322833
  }
}