{
  "/api/offeringservice/getoffering" : {
    "transaction" : "/api/offeringservice/getoffering",
    "sampleCount" : 10956,
    "errorCount" : 11,
    "errorPct" : 0.10040161,
    "meanResTime" : 6578.305677254467,
    "medianResTime" : 7528.0,
    "minResTime" : 65.0,
    "maxResTime" : 11153.0,
    "pct1ResTime" : 9487.0,
    "pct2ResTime" : 9748.15,
    "pct3ResTime" : 10192.0,
    "throughput" : 57.30814899281817,
    "receivedKBytesPerSec" : 473.1162754688718,
    "sentKBytesPerSec" : 35.98548808826376
  },
  "/api/paylaterservice/v1/transaction/getpaylateraccountinformation" : {
    "transaction" : "/api/paylaterservice/v1/transaction/getpaylateraccountinformation",
    "sampleCount" : 342,
    "errorCount" : 0,
    "errorPct" : 0.0,
    "meanResTime" : 363.27777777777754,
    "medianResTime" : 214.5,
    "minResTime" : 156.0,
    "maxResTime" : 2493.0,
    "pct1ResTime" : 663.6999999999996,
    "pct2ResTime" : 1242.0499999999995,
    "pct3ResTime" : 2274.1599999999994,
    "throughput" : 1.8915719958850012,
    "receivedKBytesPerSec" : 0.8238682716452252,
    "sentKBytesPerSec" : 1.1988576419232089
  },
  "/api/offeringservice/getdebiturdata" : {
    "transaction" : "/api/offeringservice/getdebiturdata",
    "sampleCount" : 5200,
    "errorCount" : 2,
    "errorPct" : 0.03846154,
    "meanResTime" : 9215.010192307716,
    "medianResTime" : 9427.0,
    "minResTime" : 231.0,
    "maxResTime" : 22862.0,
    "pct1ResTime" : 15465.900000000001,
    "pct2ResTime" : 16792.95,
    "pct3ResTime" : 18311.769999999997,
    "throughput" : 27.166530834012494,
    "receivedKBytesPerSec" : 13.342272656625498,
    "sentKBytesPerSec" : 17.483148261342027
  },
  "/api/paylaterservice/v1/user/paylatermenu" : {
    "transaction" : "/api/paylaterservice/v1/user/paylatermenu",
    "sampleCount" : 12500,
    "errorCount" : 68,
    "errorPct" : 0.544,
    "meanResTime" : 3241.7223199999858,
    "medianResTime" : 3295.0,
    "minResTime" : 0.0,
    "maxResTime" : 9293.0,
    "pct1ResTime" : 6247.9,
    "pct2ResTime" : 6864.949999999999,
    "pct3ResTime" : 7907.99,
    "throughput" : 65.35537639468373,
    "receivedKBytesPerSec" : 25.517363371317877,
    "sentKBytesPerSec" : 39.717432353917665
  },
  "/api/informationservice/tnc" : {
    "transaction" : "/api/informationservice/tnc",
    "sampleCount" : 527,
    "errorCount" : 0,
    "errorPct" : 0.0,
    "meanResTime" : 47.240986717267525,
    "medianResTime" : 46.0,
    "minResTime" : 42.0,
    "maxResTime" : 105.0,
    "pct1ResTime" : 52.0,
    "pct2ResTime" : 55.0,
    "pct3ResTime" : 77.16000000000008,
    "throughput" : 2.81290198611163,
    "receivedKBytesPerSec" : 15.264937828928055,
    "sentKBytesPerSec" : 1.8706896997480664
  },
  "/api/userservice/getmenuislandlist" : {
    "transaction" : "/api/userservice/getmenuislandlist",
    "sampleCount" : 12501,
    "errorCount" : 142,
    "errorPct" : 1.1359091,
    "meanResTime" : 145.37908967282698,
    "medianResTime" : 121.0,
    "minResTime" : 0.0,
    "maxResTime" : 3285.0,
    "pct1ResTime" : 182.0,
    "pct2ResTime" : 213.0,
    "pct3ResTime" : 348.97999999999956,
    "throughput" : 65.34420573937588,
    "receivedKBytesPerSec" : 71.68302591343893,
    "sentKBytesPerSec" : 36.84330242799645
  },
  "/api/loginservice/v2/loginHaveStatusOffer" : {
    "transaction" : "/api/loginservice/v2/loginHaveStatusOffer",
    "sampleCount" : 1,
    "errorCount" : 0,
    "errorPct" : 0.0,
    "meanResTime" : 360.0,
    "medianResTime" : 360.0,
    "minResTime" : 360.0,
    "maxResTime" : 360.0,
    "pct1ResTime" : 360.0,
    "pct2ResTime" : 360.0,
    "pct3ResTime" : 360.0,
    "throughput" : 2.7777777777777777,
    "receivedKBytesPerSec" : 51.057942708333336,
    "sentKBytesPerSec" : 3.2090928819444446
  },
  "/api/offeringservice/getinsurance" : {
    "transaction" : "/api/offeringservice/getinsurance",
    "sampleCount" : 1151,
    "errorCount" : 1,
    "errorPct" : 0.086880974,
    "meanResTime" : 5099.00695047784,
    "medianResTime" : 7154.0,
    "minResTime" : 58.0,
    "maxResTime" : 10614.0,
    "pct1ResTime" : 9583.8,
    "pct2ResTime" : 9830.399999999998,
    "pct3ResTime" : 10240.28,
    "throughput" : 6.045104568229325,
    "receivedKBytesPerSec" : 32.96702400545951,
    "sentKBytesPerSec" : 3.9316793383210262
  },
  "/api/mortgageservice/getmortgageapplicationparameter" : {
    "transaction" : "/api/mortgageservice/getmortgageapplicationparameter",
    "sampleCount" : 386,
    "errorCount" : 1,
    "errorPct" : 0.25906736,
    "meanResTime" : 757.2590673575127,
    "medianResTime" : 289.5,
    "minResTime" : 141.0,
    "maxResTime" : 6571.0,
    "pct1ResTime" : 2370.4000000000005,
    "pct2ResTime" : 2816.149999999995,
    "pct3ResTime" : 6257.78,
    "throughput" : 2.1094164130084323,
    "receivedKBytesPerSec" : 7.482177890474291,
    "sentKBytesPerSec" : 1.68712113501358
  },
  "/api/offeringservice/checkdisbursmentstatus" : {
    "transaction" : "/api/offeringservice/checkdisbursmentstatus",
    "sampleCount" : 308,
    "errorCount" : 0,
    "errorPct" : 0.0,
    "meanResTime" : 70.86038961038962,
    "medianResTime" : 69.0,
    "minResTime" : 59.0,
    "maxResTime" : 149.0,
    "pct1ResTime" : 80.0,
    "pct2ResTime" : 83.0,
    "pct3ResTime" : 93.91000000000003,
    "throughput" : 1.7082924286039147,
    "receivedKBytesPerSec" : 9.482357582211574,
    "sentKBytesPerSec" : 1.0960430913991914
  },
  "/api/offeringservice/getplafonNoStatusOffering" : {
    "transaction" : "/api/offeringservice/getplafonNoStatusOffering",
    "sampleCount" : 12500,
    "errorCount" : 1,
    "errorPct" : 0.008,
    "meanResTime" : 4915.310880000026,
    "medianResTime" : 5445.0,
    "minResTime" : 55.0,
    "maxResTime" : 10485.0,
    "pct1ResTime" : 8254.0,
    "pct2ResTime" : 8738.949999999999,
    "pct3ResTime" : 9352.97,
    "throughput" : 65.35161784465136,
    "receivedKBytesPerSec" : 22.46427655922425,
    "sentKBytesPerSec" : 39.18544273107025
  },
  "esbmockupservice/signature" : {
    "transaction" : "esbmockupservice/signature",
    "sampleCount" : 403,
    "errorCount" : 0,
    "errorPct" : 0.0,
    "meanResTime" : 40.019851116625276,
    "medianResTime" : 39.0,
    "minResTime" : 35.0,
    "maxResTime" : 97.0,
    "pct1ResTime" : 43.0,
    "pct2ResTime" : 47.0,
    "pct3ResTime" : 62.87999999999994,
    "throughput" : 2.195491343335622,
    "receivedKBytesPerSec" : 0.49741600747447673,
    "sentKBytesPerSec" : 1.3142931576804062
  },
  "Total" : {
    "transaction" : "Total",
    "sampleCount" : 59412,
    "errorCount" : 231,
    "errorPct" : 0.38881034,
    "meanResTime" : 4110.70372988621,
    "medianResTime" : 3623.0,
    "minResTime" : 0.0,
    "maxResTime" : 22862.0,
    "pct1ResTime" : 9129.900000000001,
    "pct2ResTime" : 9930.0,
    "pct3ResTime" : 15465.930000000011,
    "throughput" : 304.6300569143209,
    "receivedKBytesPerSec" : 665.3380098975158,
    "sentKBytesPerSec" : 185.16274940073322
  },
  "/api/offeringservice/getinsurancekring" : {
    "transaction" : "/api/offeringservice/getinsurancekring",
    "sampleCount" : 2321,
    "errorCount" : 5,
    "errorPct" : 0.21542439,
    "meanResTime" : 6060.589831968976,
    "medianResTime" : 7091.0,
    "minResTime" : 56.0,
    "maxResTime" : 10941.0,
    "pct1ResTime" : 9570.8,
    "pct2ResTime" : 9854.0,
    "pct3ResTime" : 10287.460000000001,
    "throughput" : 12.141407377958192,
    "receivedKBytesPerSec" : 6.597314061813417,
    "sentKBytesPerSec" : 7.813659630932079
  },
  "/api/offeringservice/getplafonHaveStatusOffer" : {
    "transaction" : "/api/offeringservice/getplafonHaveStatusOffer",
    "sampleCount" : 315,
    "errorCount" : 0,
    "errorPct" : 0.0,
    "meanResTime" : 123.89523809523814,
    "medianResTime" : 65.0,
    "minResTime" : 54.0,
    "maxResTime" : 9682.0,
    "pct1ResTime" : 75.0,
    "pct2ResTime" : 80.39999999999998,
    "pct3ResTime" : 207.91999999999655,
    "throughput" : 1.7472723137768262,
    "receivedKBytesPerSec" : 0.6279259877635469,