{
  "/api/offeringservice/getplafon" : {
    "transaction" : "/api/offeringservice/getplafon",
    "sampleCount" : 9471,
    "errorCount" : 0,
    "errorPct" : 0.0,
    "meanResTime" : 3929.534473656443,
    "medianResTime" : 4393.0,
    "minResTime" : 55.0,
    "maxResTime" : 8494.0,
    "pct1ResTime" : 6498.0,
    "pct2ResTime" : 6937.4,
    "pct3ResTime" : 7558.0,
    "throughput" : 49.011338173576,
    "receivedKBytesPerSec" : 16.84764749716675,
    "sentKBytesPerSec" : 29.387657850171546
  },
  "/api/offeringservice/getoffering" : {
    "transaction" : "/api/offeringservice/getoffering",
    "sampleCount" : 9455,
    "errorCount" : 4,
    "errorPct" : 0.04230566,
    "meanResTime" : 5925.097091485969,
    "medianResTime" : 6867.0,
    "minResTime" : 64.0,
    "maxResTime" : 9385.0,
    "pct1ResTime" : 8013.0,
    "pct2ResTime" : 8262.199999999999,
    "pct3ResTime" : 8729.320000000002,
    "throughput" : 52.52894508766862,
    "receivedKBytesPerSec" : 433.90450994397094,
    "sentKBytesPerSec" : 32.98448407360441
  },
  "/api/paylaterservice/v1/transaction/getpaylateraccountinformation" : {
    "transaction" : "/api/paylaterservice/v1/transaction/getpaylateraccountinformation",
    "sampleCount" : 347,
    "errorCount" : 0,
    "errorPct" : 0.0,
    "meanResTime" : 275.0288184438041,
    "medianResTime" : 218.0,
    "minResTime" : 165.0,
    "maxResTime" : 1449.0,
    "pct1ResTime" : 449.79999999999995,
    "pct2ResTime" : 499.59999999999945,
    "pct3ResTime" : 842.0,
    "throughput" : 1.8747636285050515,
    "receivedKBytesPerSec" : 0.8165474397590361,
    "sentKBytesPerSec" : 1.1882046825193149
  },
  "/api/offeringservice/getdebiturdata" : {
    "transaction" : "/api/offeringservice/getdebiturdata",
    "sampleCount" : 7167,
    "errorCount" : 9,
    "errorPct" : 0.12557556,
    "meanResTime" : 13700.904283521719,
    "medianResTime" : 10469.0,
    "minResTime" : 224.0,
    "maxResTime" : 34805.0,
    "pct1ResTime" : 25512.8,
    "pct2ResTime" : 27495.6,
    "pct3ResTime" : 29765.039999999986,
    "throughput" : 37.843546215381366,
    "receivedKBytesPerSec" : 18.57904677475777,
    "sentKBytesPerSec" : 24.354391558531564
  },
  "/api/paylaterservice/v1/user/paylatermenu" : {
    "transaction" : "/api/paylaterservice/v1/user/paylatermenu",
    "sampleCount" : 9501,
    "errorCount" : 0,
    "errorPct" : 0.0,
    "meanResTime" : 376.1190401010424,
    "medianResTime" : 313.0,
    "minResTime" : 55.0,
    "maxResTime" : 1717.0,
    "pct1ResTime" : 747.8000000000011,
    "pct2ResTime" : 1013.0,
    "pct3ResTime" : 1292.0,
    "throughput" : 49.167602477786346,
    "receivedKBytesPerSec" : 18.773957586732873,
    "sentKBytesPerSec" : 30.009522996695768
  },
  "/api/informationservice/tnc" : {
    "transaction" : "/api/informationservice/tnc",
    "sampleCount" : 429,
    "errorCount" : 0,
    "errorPct" : 0.0,
    "meanResTime" : 48.083916083916066,
    "medianResTime" : 46.0,
    "minResTime" : 41.0,
    "maxResTime" : 315.0,
    "pct1ResTime" : 51.0,
    "pct2ResTime" : 53.0,
    "pct3ResTime" : 71.69999999999987,
    "throughput" : 2.268532962471379,
    "receivedKBytesPerSec" : 12.310778977005324,
    "sentKBytesPerSec" : 1.5086630346123135
  },
  "/api/userservice/getmenuislandlist" : {
    "transaction" : "/api/userservice/getmenuislandlist",
    "sampleCount" : 9516,
    "errorCount" : 0,
    "errorPct" : 0.0,
    "meanResTime" : 134.27080706179092,
    "medianResTime" : 117.0,
    "minResTime" : 86.0,
    "maxResTime" : 3481.0,
    "pct1ResTime" : 162.0,
    "pct2ResTime" : 187.0,
    "pct3ResTime" : 401.4899999999998,
    "throughput" : 49.23758323976675,
    "receivedKBytesPerSec" : 53.27660373990386,
    "sentKBytesPerSec" : 28.080809191429474
  },
  "/api/offeringservice/getinsurance" : {
    "transaction" : "/api/offeringservice/getinsurance",
    "sampleCount" : 912,
    "errorCount" : 1,
    "errorPct" : 0.10964912,
    "meanResTime" : 4078.135964912278,
    "medianResTime" : 6668.0,
    "minResTime" : 57.0,
    "maxResTime" : 9234.0,
    "pct1ResTime" : 7945.3,
    "pct2ResTime" : 8260.8,
    "pct3ResTime" : 8760.74,
    "throughput" : 4.822411523025429,
    "receivedKBytesPerSec" : 26.29337096876537,
    "sentKBytesPerSec" : 3.1364512444677106
  },
  "/api/mortgageservice/getmortgageapplicationparameter" : {
    "transaction" : "/api/mortgageservice/getmortgageapplicationparameter",
    "sampleCount" : 401,
    "errorCount" : 0,
    "errorPct" : 0.0,
    "meanResTime" : 2273.9800498753116,
    "medianResTime" : 170.0,
    "minResTime" : 136.0,
    "maxResTime" : 13414.0,
    "pct1ResTime" : 10139.400000000001,
    "pct2ResTime" : 11951.499999999998,
    "pct3ResTime" : 13332.560000000001,
    "throughput" : 2.169056595608877,
    "receivedKBytesPerSec" : 7.710318367203432,
    "sentKBytesPerSec" : 1.7348216326207722
  },
  "Total" : {
    "transaction" : "Total",
    "sampleCount" : 49617,
    "errorCount" : 15,
    "errorPct" : 0.030231575,
    "meanResTime" : 4280.0715682124965,
    "medianResTime" : 5243.5,
    "minResTime" : 35.0,
    "maxResTime" : 34805.0,
    "pct1ResTime" : 15617.900000000001,
    "pct2ResTime" : 23117.500000000007,
    "pct3ResTime" : 27949.0,
    "throughput" : 254.44484900077435,
    "receivedKBytesPerSec" : 558.362235762573,
    "sentKBytesPerSec" : 155.95784404631257
  },
  "/api/offeringservice/getinsurancekring" : {
    "transaction" : "/api/offeringservice/getinsurancekring",
    "sampleCount" : 2012,
    "errorCount" : 1,
    "errorPct" : 0.049701788,
    "meanResTime" : 5624.516401590442,
    "medianResTime" : 7042.0,
    "minResTime" : 57.0,
    "maxResTime" : 9182.0,
    "pct1ResTime" : 8043.4,
    "pct2ResTime" : 8277.0,
    "pct3ResTime" : 8699.139999999998,
    "throughput" : 10.638804139192784,
    "receivedKBytesPerSec" : 5.785523103178422,
    "sentKBytesPerSec" : 6.846652273171919
  },
  "/api/loginservice/v2/login" : {
    "transaction" : "/api/loginservice/v2/login",
    "sampleCount" : 1,
    "errorCount" : 0,
    "errorPct" : 0.0,
    "meanResTime" : 451.0,
    "medianResTime" : 451.0,
    "minResTime" : 451.0,
    "maxResTime" : 451.0,
    "pct1ResTime" : 451.0,
    "pct2ResTime" : 451.0,
    "pct3ResTime" : 451.0,
    "throughput" : 2.2172949002217295,
    "receivedKBytesPerSec" : 40.70814855875831,
    "sentKBytesPerSec" : 2.6092190964523283
  },
  "esbmockupservice/signature_validate_event" : {
    "transaction" : "esbmockupservice/signature_validate_event",
    "sampleCount" : 405,
    "errorCount" : 0,
    "errorPct" : 0.0,
    "meanResTime" : 39.80493827160495,
    "medianResTime" : 39.0,
    "minResTime" : 35.0,
    "maxResTime" : 70.0,
    "pct1ResTime" : 44.0,
    "pct2ResTime" : 46.0,
    "pct3ResTime" : 52.94,
    "throughput" : 2.2444636563144247,
    "receivedKBytesPerSec" : 0.5085112971337368,
    "sentKBytesPerSec" : 1.3436095911335373
  }
}