{
  "/api/offeringservice/getoffering" : {
    "transaction" : "/api/offeringservice/getoffering",
    "sampleCount" : 35307,
    "errorCount" : 619,
    "errorPct" : 1.7531934,
    "meanResTime" : 389.6124564533945,
    "medianResTime" : 135.0,
    "minResTime" : 0.0,
    "maxResTime" : 6380.0,
    "pct1ResTime" : 2109.800000000003,
    "pct2ResTime" : 2924.0,
    "pct3ResTime" : 4302.990000000002,
    "throughput" : 36.31290374668698,
    "receivedKBytesPerSec" : 296.3386011771456,
    "sentKBytesPerSec" : 22.40412546867013
  },
  "/api/paylaterservice/v1/transaction/getpaylateraccountinformation" : {
    "transaction" : "/api/paylaterservice/v1/transaction/getpaylateraccountinformation",
    "sampleCount" : 33129,
    "errorCount" : 153,
    "errorPct" : 0.46183103,
    "meanResTime" : 10707.406230191069,
    "medianResTime" : 627.0,
    "minResTime" : 0.0,
    "maxResTime" : 301471.0,
    "pct1ResTime" : 66023.30000000002,
    "pct2ResTime" : 86443.85,
    "pct3ResTime" : 106471.0,
    "throughput" : 30.694610445562443,
    "receivedKBytesPerSec" : 13.628978308479493,
    "sentKBytesPerSec" : 19.369936362699317
  },
  "/api/offeringservice/getdebiturdata" : {
    "transaction" : "/api/offeringservice/getdebiturdata",
    "sampleCount" : 35101,
    "errorCount" : 478,
    "errorPct" : 1.3617846,
    "meanResTime" : 15333.1142132703,
    "medianResTime" : 2159.0,
    "minResTime" : 0.0,
    "maxResTime" : 300439.0,
    "pct1ResTime" : 73045.0,
    "pct2ResTime" : 97556.40000000002,
    "pct3ResTime" : 108749.89000000001,
    "throughput" : 34.76578826950543,
    "receivedKBytesPerSec" : 17.96807989861753,
    "sentKBytesPerSec" : 22.073466464474535
  },
  "/api/paylaterservice/v1/user/paylatermenu" : {
    "transaction" : "/api/paylaterservice/v1/user/paylatermenu",
    "sampleCount" : 35444,
    "errorCount" : 1011,
    "errorPct" : 2.852387,
    "meanResTime" : 135.77846744159862,
    "medianResTime" : 73.0,
    "minResTime" : 0.0,
    "maxResTime" : 7136.0,
    "pct1ResTime" : 119.0,
    "pct2ResTime" : 322.9500000000007,
    "pct3ResTime" : 3382.920000000013,
    "throughput" : 36.58338967131305,
    "receivedKBytesPerSec" : 16.053311439469788,
    "sentKBytesPerSec" : 21.698127033650547
  },
  "/api/informationservice/tnc" : {
    "transaction" : "/api/informationservice/tnc",
    "sampleCount" : 33231,
    "errorCount" : 160,
    "errorPct" : 0.48147812,
    "meanResTime" : 50.18597093075768,
    "medianResTime" : 48.0,
    "minResTime" : 0.0,
    "maxResTime" : 1105.0,
    "pct1ResTime" : 58.0,
    "pct2ResTime" : 68.0,
    "pct3ResTime" : 121.0,
    "throughput" : 34.428777157302555,
    "receivedKBytesPerSec" : 186.33496349725706,
    "sentKBytesPerSec" : 22.786240130062367
  },
  "/api/userservice/getmenuislandlist" : {
    "transaction" : "/api/userservice/getmenuislandlist",
    "sampleCount" : 35468,
    "errorCount" : 1223,
    "errorPct" : 3.4481785,
    "meanResTime" : 104.53820345099844,
    "medianResTime" : 102.0,
    "minResTime" : 0.0,
    "maxResTime" : 3190.0,
    "pct1ResTime" : 127.0,
    "pct2ResTime" : 142.0,
    "pct3ResTime" : 201.0,
    "throughput" : 36.58210810225415,
    "receivedKBytesPerSec" : 41.24598434381591,
    "sentKBytesPerSec" : 20.14383196499389
  },
  "/api/loginservice/v2/loginHaveStatusOffer" : {
    "transaction" : "/api/loginservice/v2/loginHaveStatusOffer",
    "sampleCount" : 1,
    "errorCount" : 0,
    "errorPct" : 0.0,
    "meanResTime" : 360.0,
    "medianResTime" : 360.0,
    "minResTime" : 360.0,
    "maxResTime" : 360.0,
    "pct1ResTime" : 360.0,
    "pct2ResTime" : 360.0,
    "pct3ResTime" : 360.0,
    "throughput" : 2.7777777777777777,
    "receivedKBytesPerSec" : 51.057942708333336,
    "sentKBytesPerSec" : 3.2090928819444446
  },
  "/api/offeringservice/getinsurance" : {
    "transaction" : "/api/offeringservice/getinsurance",
    "sampleCount" : 33421,
    "errorCount" : 271,
    "errorPct" : 0.8108674,
    "meanResTime" : 279.1183088477303,
    "medianResTime" : 98.0,
    "minResTime" : 0.0,
    "maxResTime" : 6352.0,
    "pct1ResTime" : 1073.0,
    "pct2ResTime" : 2058.0,
    "pct3ResTime" : 4298.950000000008,
    "throughput" : 34.434581918779266,
    "receivedKBytesPerSec" : 187.08172720271182,
    "sentKBytesPerSec" : 22.21700842421682
  },
  "/api/mortgageservice/getmortgageapplicationparameter" : {
    "transaction" : "/api/mortgageservice/getmortgageapplicationparameter",
    "sampleCount" : 33144,
    "errorCount" : 12787,
    "errorPct" : 38.580135,
    "meanResTime" : 7431.7496077721535,
    "medianResTime" : 2946.5,
    "minResTime" : 0.0,
    "maxResTime" : 70089.0,
    "pct1ResTime" : 30169.800000000003,
    "pct2ResTime" : 36009.700000000004,
    "pct3ResTime" : 48301.92000000001,
    "throughput" : 34.43053122993786,
    "receivedKBytesPerSec" : 79.3906263553308,
    "sentKBytesPerSec" : 27.536869420581965
  },
  "/api/offeringservice/checkdisbursmentstatus" : {
    "transaction" : "/api/offeringservice/checkdisbursmentstatus",
    "sampleCount" : 32623,
    "errorCount" : 160,
    "errorPct" : 0.4904515,
    "meanResTime" : 349.2999417588821,
    "medianResTime" : 122.0,
    "minResTime" : 0.0,
    "maxResTime" : 6360.0,
    "pct1ResTime" : 1534.0,
    "pct2ResTime" : 2479.9500000000007,
    "pct3ResTime" : 3520.9900000000016,
    "throughput" : 33.92014007667202,
    "receivedKBytesPerSec" : 187.7525534024766,
    "sentKBytesPerSec" : 21.658478192691724
  },
  "/api/offeringservice/getplafonNoStatusOffering" : {
    "transaction" : "/api/offeringservice/getplafonNoStatusOffering",
    "sampleCount" : 35433,
    "errorCount" : 780,
    "errorPct" : 2.2013378,
    "meanResTime" : 345.8574774927326,
    "medianResTime" : 116.0,
    "minResTime" : 0.0,
    "maxResTime" : 6369.0,
    "pct1ResTime" : 1873.0,
    "pct2ResTime" : 2726.0,
    "pct3ResTime" : 3937.970000000005,
    "throughput" : 36.42181587930732,
    "receivedKBytesPerSec" : 14.158371968703326,
    "sentKBytesPerSec" : 21.361196852087318
  },
  "esbmockupservice/signature" : {
    "transaction" : "esbmockupservice/signature",
    "sampleCount" : 33157,
    "errorCount" : 5,
    "errorPct" : 0.015079772,
    "meanResTime" : 43.471212715263455,
    "medianResTime" : 41.0,
    "minResTime" : 0.0,
    "maxResTime" : 356.0,
    "pct1ResTime" : 51.0,
    "pct2ResTime" : 70.0,
    "pct3ResTime" : 105.0,
    "throughput" : 34.42708398227405,
    "receivedKBytesPerSec" : 7.811171699461536,
    "sentKBytesPerSec" : 20.606074292810362
  },
  "Total" : {
    "transaction" : "Total",
    "sampleCount" : 441942,
    "errorCount" : 18380,
    "errorPct" : 4.158917,
    "meanResTime" : 2757.278212978159,
    "medianResTime" : 2264.0,
    "minResTime" : 0.0,
    "maxResTime" : 301471.0,
    "pct1ResTime" : 37682.40000000001,
    "pct2ResTime" : 44832.55,
    "pct3ResTime" : 49974.70000000005,
    "throughput" : 405.1473298020385,
    "receivedKBytesPerSec" : 960.5681921445649,
    "sentKBytesPerSec" : 254.5967241584985
  },
  "/api/offeringservice/getinsurancekring" : {
    "transaction" : "/api/offeringservice/getinsurancekring",
    "sampleCount" : 33684,
    "errorCount" : 410,
    "errorPct" : 1.2171952,
    "meanResTime" : 301.88050706566816,
    "medianResTime" : 113.0,
    "minResTime" : 0.0,
    "maxResTime" : 6374.0,
    "pct1ResTime" : 1199.800000000003,
    "pct2ResTime" : 2337.9500000000007,
    "pct3ResTime" : 4415.970000000005,
    "throughput" : 34.68704528861076,
    "receivedKBytesPerSec" : 19.647293118868316,
    "sentKBytesPerSec" : 22.05262143529441
  },
  "/api/offeringservice/getplafonHaveStatusOffer" : {
    "transaction" : "/api/offeringservice/getplafonHaveStatusOffer",
    "sampleCount" : 32798,
    "errorCount" : 323,
    "errorPct" : 0.98481613,
    "meanResTime" : 328.45222269650503,
    "medianResTime" : 123.0,
    "minResTime" : 0.0,
    "maxResTime" : 6361.0,
    "pct1ResTime" : 1428.9000000000015,
    "pct2ResTime" : 2367.9500000000007,
    "pct3ResTime" : 4111.780000000035,