{
  "/api/offeringservice/getoffering" : {
    "transaction" : "/api/offeringservice/getoffering",
    "sampleCount" : 53157,
    "errorCount" : 33256,
    "errorPct" : 62.561844,
    "meanResTime" : 8124.034802566002,
    "medianResTime" : 73.0,
    "minResTime" : 0.0,
    "maxResTime" : 58086.0,
    "pct1ResTime" : 30788.20000000001,
    "pct2ResTime" : 38212.700000000004,
    "pct3ResTime" : 44710.97,
    "throughput" : 25.49756881638268,
    "receivedKBytesPerSec" : 92.50445627808742,
    "sentKBytesPerSec" : 15.90646657263428
  },
  "/api/paylaterservice/v1/transaction/getpaylateraccountinformation" : {
    "transaction" : "/api/paylaterservice/v1/transaction/getpaylateraccountinformation",
    "sampleCount" : 52181,
    "errorCount" : 8,
    "errorPct" : 0.015331251,
    "meanResTime" : 2030.450393821497,
    "medianResTime" : 586.0,
    "minResTime" : 0.0,
    "maxResTime" : 24635.0,
    "pct1ResTime" : 7999.700000000019,
    "pct2ResTime" : 12280.95,
    "pct3ResTime" : 15987.820000000029,
    "throughput" : 25.83298389999292,
    "receivedKBytesPerSec" : 11.259257211672939,
    "sentKBytesPerSec" : 16.37015251357468
  },
  "/api/offeringservice/getdebiturdata" : {
    "transaction" : "/api/offeringservice/getdebiturdata",
    "sampleCount" : 52923,
    "errorCount" : 36834,
    "errorPct" : 69.59923,
    "meanResTime" : 7629.9580144738875,
    "medianResTime" : 61.0,
    "minResTime" : 0.0,
    "maxResTime" : 60032.0,
    "pct1ResTime" : 32698.700000000004,
    "pct2ResTime" : 40614.65000000001,
    "pct3ResTime" : 47950.82000000003,
    "throughput" : 25.62545666362103,
    "receivedKBytesPerSec" : 10.155921177226157,
    "sentKBytesPerSec" : 16.396341435919894
  },
  "/api/paylaterservice/v1/user/paylatermenu" : {
    "transaction" : "/api/paylaterservice/v1/user/paylatermenu",
    "sampleCount" : 53438,
    "errorCount" : 655,
    "errorPct" : 1.2257196,
    "meanResTime" : 79.87886896964814,
    "medianResTime" : 64.0,
    "minResTime" : 0.0,
    "maxResTime" : 1482.0,
    "pct1ResTime" : 91.0,
    "pct2ResTime" : 114.0,
    "pct3ResTime" : 188.0,
    "throughput" : 25.900530292492103,
    "receivedKBytesPerSec" : 10.52955096382999,
    "sentKBytesPerSec" : 15.614957958531427
  },
  "/api/informationservice/tnc" : {
    "transaction" : "/api/informationservice/tnc",
    "sampleCount" : 52196,
    "errorCount" : 70,
    "errorPct" : 0.1341099,
    "meanResTime" : 69.09058165376754,
    "medianResTime" : 53.0,
    "minResTime" : 0.0,
    "maxResTime" : 1915.0,
    "pct1ResTime" : 91.0,
    "pct2ResTime" : 104.0,
    "pct3ResTime" : 163.0,
    "throughput" : 25.77743185742111,
    "receivedKBytesPerSec" : 139.7811619388781,
    "sentKBytesPerSec" : 17.120665528487727
  },
  "/api/userservice/getmenuislandlist" : {
    "transaction" : "/api/userservice/getmenuislandlist",
    "sampleCount" : 53456,
    "errorCount" : 947,
    "errorPct" : 1.7715504,
    "meanResTime" : 151.81248129302492,
    "medianResTime" : 104.0,
    "minResTime" : 0.0,
    "maxResTime" : 4116.0,
    "pct1ResTime" : 147.0,
    "pct2ResTime" : 192.0,
    "pct3ResTime" : 388.9900000000016,
    "throughput" : 25.901458556018884,
    "receivedKBytesPerSec" : 28.63875658774715,
    "sentKBytesPerSec" : 14.51023347095825
  },
  "/api/loginservice/v2/loginHaveStatusOffer" : {
    "transaction" : "/api/loginservice/v2/loginHaveStatusOffer",
    "sampleCount" : 1,
    "errorCount" : 0,
    "errorPct" : 0.0,
    "meanResTime" : 387.0,
    "medianResTime" : 387.0,
    "minResTime" : 387.0,
    "maxResTime" : 387.0,
    "pct1ResTime" : 387.0,
    "pct2ResTime" : 387.0,
    "pct3ResTime" : 387.0,
    "throughput" : 2.5839793281653747,
    "receivedKBytesPerSec" : 47.495760658914726,
    "sentKBytesPerSec" : 2.985202680878553
  },
  "/api/offeringservice/getinsurance" : {
    "transaction" : "/api/offeringservice/getinsurance",
    "sampleCount" : 52350,
    "errorCount" : 40889,
    "errorPct" : 78.10697,
    "meanResTime" : 4469.409799426986,
    "medianResTime" : 51.0,
    "minResTime" : 0.0,
    "maxResTime" : 57862.0,
    "pct1ResTime" : 23491.0,
    "pct2ResTime" : 30766.900000000045,
    "pct3ResTime" : 41492.780000000035,
    "throughput" : 25.555933077139375,
    "receivedKBytesPerSec" : 37.331001915077906,
    "sentKBytesPerSec" : 16.59752647949814
  },
  "/api/mortgageservice/getmortgageapplicationparameter" : {
    "transaction" : "/api/mortgageservice/getmortgageapplicationparameter",
    "sampleCount" : 52184,
    "errorCount" : 162,
    "errorPct" : 0.31043997,
    "meanResTime" : 4141.863502222948,
    "medianResTime" : 2224.0,
    "minResTime" : 0.0,
    "maxResTime" : 27771.0,
    "pct1ResTime" : 9947.900000000001,
    "pct2ResTime" : 11666.850000000002,
    "pct3ResTime" : 13757.87000000002,
    "throughput" : 25.803338057154612,
    "receivedKBytesPerSec" : 91.49425165826153,
    "sentKBytesPerSec" : 20.634071428090206
  },
  "/api/offeringservice/checkdisbursmentstatus" : {
    "transaction" : "/api/offeringservice/checkdisbursmentstatus",
    "sampleCount" : 51983,
    "errorCount" : 22960,
    "errorPct" : 44.168285,
    "meanResTime" : 11878.663178346818,
    "medianResTime" : 9176.5,
    "minResTime" : 0.0,
    "maxResTime" : 57085.0,
    "pct1ResTime" : 34681.20000000001,
    "pct2ResTime" : 40028.75,
    "pct3ResTime" : 45964.54000000007,
    "throughput" : 25.461506021411314,
    "receivedKBytesPerSec" : 82.78137359527138,
    "sentKBytesPerSec" : 16.303459078030016
  },
  "/api/offeringservice/getplafonNoStatusOffering" : {
    "transaction" : "/api/offeringservice/getplafonNoStatusOffering",
    "sampleCount" : 53426,
    "errorCount" : 28994,
    "errorPct" : 54.269455,
    "meanResTime" : 9048.542282783617,
    "medianResTime" : 3737.5,
    "minResTime" : 0.0,
    "maxResTime" : 59379.0,
    "pct1ResTime" : 28917.600000000006,
    "pct2ResTime" : 33588.10000000001,
    "pct3ResTime" : 41841.890000000014,
    "throughput" : 25.614926522375544,
    "receivedKBytesPerSec" : 9.15679494376568,
    "sentKBytesPerSec" : 15.218946925295471
  },
  "esbmockupservice/signature" : {
    "transaction" : "esbmockupservice/signature",
    "sampleCount" : 52189,
    "errorCount" : 15,
    "errorPct" : 0.02874169,
    "meanResTime" : 58.34313744275562,
    "medianResTime" : 43.0,
    "minResTime" : 0.0,
    "maxResTime" : 3478.0,
    "pct1ResTime" : 63.0,
    "pct2ResTime" : 85.0,
    "pct3ResTime" : 142.0,
    "throughput" : 25.80129409391673,
    "receivedKBytesPerSec" : 5.8617262105310255,
    "sentKBytesPerSec" : 15.441061951668736
  },
  "Total" : {
    "transaction" : "Total",
    "sampleCount" : 684319,
    "errorCount" : 221855,
    "errorPct" : 32.419823,
    "meanResTime" : 5066.087741243706,
    "medianResTime" : 143.0,
    "minResTime" : 0.0,
    "maxResTime" : 60032.0,
    "pct1ResTime" : 31791.900000000016,
    "pct2ResTime" : 40191.0,
    "pct3ResTime" : 43776.990000000005,
    "throughput" : 327.8039802911114,
    "receivedKBytesPerSec" : 527.4422952478066,
    "sentKBytesPerSec" : 207.71757838659104
  },
  "/api/offeringservice/getinsurancekring" : {
    "transaction" : "/api/offeringservice/getinsurancekring",
    "sampleCount" : 52660,
    "errorCount" : 39266,
    "errorPct" : 74.56513,
    "meanResTime" : 5381.758621344495,
    "medianResTime" : 55.0,
    "minResTime" : 0.0,
    "maxResTime" : 59027.0,
    "pct1ResTime" : 27163.800000000047,
    "pct2ResTime" : 34729.15000000002,
    "pct3ResTime" : 42897.96000000001,
    "throughput" : 25.697432013554348,
    "receivedKBytesPerSec" : 10.156288695899244,
    "sentKBytesPerSec" : 16.489025579918476
  },
  "/api/offeringservice/getplafonHaveStatusOffer" : {
    "transaction" : "/api/offeringservice/getplafonHaveStatusOffer",
    "sampleCount" : 52174,
    "errorCount" : 17799,
    "errorPct" : 34.114693,
    "meanResTime" : 12875.221566297414,
    "medianResTime" : 13153.0,
    "minResTime" : 0.0,
    "maxResTime" : 57764.0,
    "pct1ResTime" : 32558.700000000004,