{
  "/api/offeringservice/getoffering" : {
    "transaction" : "/api/offeringservice/getoffering",
    "sampleCount" : 23140,
    "errorCount" : 254,
    "errorPct" : 1.0976664,
    "meanResTime" : 5044.244511668097,
    "medianResTime" : 6198.0,
    "minResTime" : 0.0,
    "maxResTime" : 16296.0,
    "pct1ResTime" : 10353.800000000003,
    "pct2ResTime" : 11269.0,
    "pct3ResTime" : 12856.920000000013,
    "throughput" : 11.440521893470647,
    "receivedKBytesPerSec" : 103.0419173387994,
    "sentKBytesPerSec" : 7.147520534012563
  },
  "/api/paylaterservice/v1/transaction/getpaylateraccountinformation" : {
    "transaction" : "/api/paylaterservice/v1/transaction/getpaylateraccountinformation",
    "sampleCount" : 22837,
    "errorCount" : 43,
    "errorPct" : 0.18829094,
    "meanResTime" : 218.72014712965748,
    "medianResTime" : 205.0,
    "minResTime" : 0.0,
    "maxResTime" : 2679.0,
    "pct1ResTime" : 272.0,
    "pct2ResTime" : 307.0,
    "pct3ResTime" : 497.9900000000016,
    "throughput" : 11.349308938059123,
    "receivedKBytesPerSec" : 4.985144201189946,
    "sentKBytesPerSec" : 7.179523977384377
  },
  "/api/offeringservice/getdebiturdata" : {
    "transaction" : "/api/offeringservice/getdebiturdata",
    "sampleCount" : 23077,
    "errorCount" : 144,
    "errorPct" : 0.6239979,
    "meanResTime" : 6014.396672011092,
    "medianResTime" : 7217.0,
    "minResTime" : 0.0,
    "maxResTime" : 19371.0,
    "pct1ResTime" : 12283.0,
    "pct2ResTime" : 13392.95,
    "pct3ResTime" : 15299.980000000003,
    "throughput" : 11.412274537478222,
    "receivedKBytesPerSec" : 5.699814139305956,
    "sentKBytesPerSec" : 7.311324018660357
  },
  "/api/paylaterservice/v1/user/paylatermenu" : {
    "transaction" : "/api/paylaterservice/v1/user/paylatermenu",
    "sampleCount" : 23193,
    "errorCount" : 172,
    "errorPct" : 0.7416031,
    "meanResTime" : 62.9849523563145,
    "medianResTime" : 60.0,
    "minResTime" : 0.0,
    "maxResTime" : 342.0,
    "pct1ResTime" : 69.0,
    "pct2ResTime" : 80.0,
    "pct3ResTime" : 119.9900000000016,
    "throughput" : 11.488269017585328,
    "receivedKBytesPerSec" : 4.558609492316635,
    "sentKBytesPerSec" : 6.959882606123956
  },
  "/api/informationservice/tnc" : {
    "transaction" : "/api/informationservice/tnc",
    "sampleCount" : 22893,
    "errorCount" : 78,
    "errorPct" : 0.3407155,
    "meanResTime" : 48.70663521600469,
    "medianResTime" : 46.0,
    "minResTime" : 0.0,
    "maxResTime" : 1063.0,
    "pct1ResTime" : 52.0,
    "pct2ResTime" : 57.0,
    "pct3ResTime" : 97.0,
    "throughput" : 11.360168400242358,
    "receivedKBytesPerSec" : 61.53174448823044,
    "sentKBytesPerSec" : 7.529214837312593
  },
  "/api/userservice/getmenuislandlist" : {
    "transaction" : "/api/userservice/getmenuislandlist",
    "sampleCount" : 23197,
    "errorCount" : 183,
    "errorPct" : 0.78889513,
    "meanResTime" : 106.38655860671639,
    "medianResTime" : 99.0,
    "minResTime" : 0.0,
    "maxResTime" : 3236.0,
    "pct1ResTime" : 115.0,
    "pct2ResTime" : 134.0,
    "pct3ResTime" : 211.0,
    "throughput" : 11.486961602836459,
    "receivedKBytesPerSec" : 12.547670420993404,
    "sentKBytesPerSec" : 6.499758439304355
  },
  "/api/loginservice/v2/loginHaveStatusOffer" : {
    "transaction" : "/api/loginservice/v2/loginHaveStatusOffer",
    "sampleCount" : 1,
    "errorCount" : 0,
    "errorPct" : 0.0,
    "meanResTime" : 358.0,
    "medianResTime" : 358.0,
    "minResTime" : 358.0,
    "maxResTime" : 358.0,
    "pct1ResTime" : 358.0,
    "pct2ResTime" : 358.0,
    "pct3ResTime" : 358.0,
    "throughput" : 2.793296089385475,
    "receivedKBytesPerSec" : 51.34318261173185,
    "sentKBytesPerSec" : 3.227020775139665
  },
  "/api/offeringservice/getinsurance" : {
    "transaction" : "/api/offeringservice/getinsurance",
    "sampleCount" : 22956,
    "errorCount" : 103,
    "errorPct" : 0.44868445,
    "meanResTime" : 4812.841392228645,
    "medianResTime" : 5673.0,
    "minResTime" : 0.0,
    "maxResTime" : 15521.0,
    "pct1ResTime" : 10269.0,
    "pct2ResTime" : 11126.800000000003,
    "pct3ResTime" : 12637.94000000001,
    "throughput" : 11.360436522645404,
    "receivedKBytesPerSec" : 61.8295436859163,
    "sentKBytesPerSec" : 7.361684792425584
  },
  "/api/mortgageservice/getmortgageapplicationparameter" : {
    "transaction" : "/api/mortgageservice/getmortgageapplicationparameter",
    "sampleCount" : 22847,
    "errorCount" : 53,
    "errorPct" : 0.23197794,
    "meanResTime" : 200.88142863395657,
    "medianResTime" : 172.0,
    "minResTime" : 0.0,
    "maxResTime" : 3283.0,
    "pct1ResTime" : 267.0,
    "pct2ResTime" : 342.0,
    "pct3ResTime" : 586.9400000000096,
    "throughput" : 11.350882727749225,
    "receivedKBytesPerSec" : 40.31381745051657,
    "sentKBytesPerSec" : 9.059415921796557
  },
  "/api/offeringservice/checkdisbursmentstatus" : {
    "transaction" : "/api/offeringservice/checkdisbursmentstatus",
    "sampleCount" : 22751,
    "errorCount" : 103,
    "errorPct" : 0.45272735,
    "meanResTime" : 5128.764362006078,
    "medianResTime" : 6269.0,
    "minResTime" : 0.0,
    "maxResTime" : 16562.0,
    "pct1ResTime" : 10391.0,
    "pct2ResTime" : 11280.95,
    "pct3ResTime" : 12882.990000000002,
    "throughput" : 11.288577949786642,
    "receivedKBytesPerSec" : 62.43098115215962,
    "sentKBytesPerSec" : 7.230671970359482
  },
  "/api/offeringservice/getplafonNoStatusOffering" : {
    "transaction" : "/api/offeringservice/getplafonNoStatusOffering",
    "sampleCount" : 23186,
    "errorCount" : 178,
    "errorPct" : 0.76770467,
    "meanResTime" : 3482.13426205467,
    "medianResTime" : 2904.5,
    "minResTime" : 0.0,
    "maxResTime" : 15502.0,
    "pct1ResTime" : 9019.0,
    "pct2ResTime" : 9946.900000000001,
    "pct3ResTime" : 11515.94000000001,
    "throughput" : 11.460652386243659,
    "receivedKBytesPerSec" : 4.0674876371412925,
    "sentKBytesPerSec" : 6.831013889108574
  },
  "esbmockupservice/signature" : {
    "transaction" : "esbmockupservice/signature",
    "sampleCount" : 22854,
    "errorCount" : 54,
    "errorPct" : 0.23628248,
    "meanResTime" : 41.04253084799152,
    "medianResTime" : 39.0,
    "minResTime" : 0.0,
    "maxResTime" : 542.0,
    "pct1ResTime" : 45.0,
    "pct2ResTime" : 49.0,
    "pct3ResTime" : 85.0,
    "throughput" : 11.351512442258977,
    "receivedKBytesPerSec" : 2.630132664655044,
    "sentKBytesPerSec" : 6.779331507971986
  },
  "Total" : {
    "transaction" : "Total",
    "sampleCount" : 298766,
    "errorCount" : 1541,
    "errorPct" : 0.51578826,
    "meanResTime" : 2577.991120140816,
    "medianResTime" : 181.0,
    "minResTime" : 0.0,
    "maxResTime" : 19371.0,
    "pct1ResTime" : 9383.0,
    "pct2ResTime" : 10613.600000000006,
    "pct3ResTime" : 12634.94000000001,
    "throughput" : 147.5439385775995,
    "receivedKBytesPerSec" : 372.8256027742207,
    "sentKBytesPerSec" : 93.5567558595573
  },
  "/api/offeringservice/getinsurancekring" : {
    "transaction" : "/api/offeringservice/getinsurancekring",
    "sampleCount" : 23013,
    "errorCount" : 106,
    "errorPct" : 0.46060923,
    "meanResTime" : 4726.96745317862,
    "medianResTime" : 5644.0,
    "minResTime" : 0.0,
    "maxResTime" : 15953.0,
    "pct1ResTime" : 10203.0,
    "pct2ResTime" : 11093.95,
    "pct3ResTime" : 12589.0,
    "throughput" : 11.38548932669126,
    "receivedKBytesPerSec" : 6.274692245963774,
    "sentKBytesPerSec" : 7.298211235322871
  },
  "/api/offeringservice/getplafonHaveStatusOffer" : {
    "transaction" : "/api/offeringservice/getplafonHaveStatusOffer",
    "sampleCount" : 22820,
    "errorCount" : 70,
    "errorPct" : 0.30674848,
    "meanResTime" : 3612.8204206836167,
    "medianResTime" : 3154.5,
    "minResTime" : 0.0,
    "maxResTime" : 15098.0,
    "pct1ResTime" : 9073.900000000001,
    "pct2ResTime" : 10000.0,
    "pct3ResTime" : 11555.950000000008,
    "throughput" : 11.31975326707822,
    "receivedKBytesPerSec" : 4.108380216071123,