{
  "/api/offeringservice/getoffering" : {
    "transaction" : "/api/offeringservice/getoffering",
    "sampleCount" : 65623,
    "errorCount" : 2392,
    "errorPct" : 3.6450634,
    "meanResTime" : 315.1620925590121,
    "medianResTime" : 89.0,
    "minResTime" : 0.0,
    "maxResTime" : 60028.0,
    "pct1ResTime" : 3010.4000000000087,
    "pct2ResTime" : 6983.0,
    "pct3ResTime" : 8333.920000000013,
    "throughput" : 33.254887413889385,
    "receivedKBytesPerSec" : 294.76561284576,
    "sentKBytesPerSec" : 20.134579841305374
  },
  "/api/paylaterservice/v1/transaction/getpaylateraccountinformation" : {
    "transaction" : "/api/paylaterservice/v1/transaction/getpaylateraccountinformation",
    "sampleCount" : 64992,
    "errorCount" : 2068,
    "errorPct" : 3.18193,
    "meanResTime" : 4506.674067577591,
    "medianResTime" : 581.0,
    "minResTime" : 0.0,
    "maxResTime" : 60027.0,
    "pct1ResTime" : 20766.200000000026,
    "pct2ResTime" : 37556.95,
    "pct3ResTime" : 54592.26000000012,
    "throughput" : 33.06020546649114,
    "receivedKBytesPerSec" : 17.03442234231902,
    "sentKBytesPerSec" : 20.286480561639948
  },
  "/api/offeringservice/getdebiturdata" : {
    "transaction" : "/api/offeringservice/getdebiturdata",
    "sampleCount" : 65528,
    "errorCount" : 2986,
    "errorPct" : 4.556831,
    "meanResTime" : 9828.0830332072,
    "medianResTime" : 2265.0,
    "minResTime" : 0.0,
    "maxResTime" : 60060.0,
    "pct1ResTime" : 39953.000000000015,
    "pct2ResTime" : 49622.750000000015,
    "pct3ResTime" : 60007.990000000005,
    "throughput" : 33.20418791924544,
    "receivedKBytesPerSec" : 19.58967492992096,
    "sentKBytesPerSec" : 20.488891745685045
  },
  "/api/paylaterservice/v1/user/paylatermenu" : {
    "transaction" : "/api/paylaterservice/v1/user/paylatermenu",
    "sampleCount" : 65732,
    "errorCount" : 2504,
    "errorPct" : 3.809408,
    "meanResTime" : 73.1587506845983,
    "medianResTime" : 66.0,
    "minResTime" : 0.0,
    "maxResTime" : 60023.0,
    "pct1ResTime" : 109.0,
    "pct2ResTime" : 124.0,
    "pct3ResTime" : 187.0,
    "throughput" : 33.38451154099903,
    "receivedKBytesPerSec" : 15.861351558290083,
    "sentKBytesPerSec" : 19.60007282800313
  },
  "/api/informationservice/tnc" : {
    "transaction" : "/api/informationservice/tnc",
    "sampleCount" : 65118,
    "errorCount" : 2121,
    "errorPct" : 3.257164,
    "meanResTime" : 54.289812340673585,
    "medianResTime" : 48.0,
    "minResTime" : 0.0,
    "maxResTime" : 60027.0,
    "pct1ResTime" : 89.0,
    "pct2ResTime" : 104.0,
    "pct3ResTime" : 160.0,
    "throughput" : 33.136081426075826,
    "receivedKBytesPerSec" : 177.07767307083384,
    "sentKBytesPerSec" : 21.319014201991024
  },
  "/api/userservice/getmenuislandlist" : {
    "transaction" : "/api/userservice/getmenuislandlist",
    "sampleCount" : 65751,
    "errorCount" : 2634,
    "errorPct" : 4.006023,
    "meanResTime" : 115.41219144956038,
    "medianResTime" : 102.0,
    "minResTime" : 0.0,
    "maxResTime" : 60042.0,
    "pct1ResTime" : 128.0,
    "pct2ResTime" : 148.0,
    "pct3ResTime" : 237.0,
    "throughput" : 33.33703457517603,
    "receivedKBytesPerSec" : 38.377396431299374,
    "sentKBytesPerSec" : 18.250881358213793
  },
  "/api/loginservice/v2/loginHaveStatusOffer" : {
    "transaction" : "/api/loginservice/v2/loginHaveStatusOffer",
    "sampleCount" : 1,
    "errorCount" : 0,
    "errorPct" : 0.0,
    "meanResTime" : 373.0,
    "medianResTime" : 373.0,
    "minResTime" : 373.0,
    "maxResTime" : 373.0,
    "pct1ResTime" : 373.0,
    "pct2ResTime" : 373.0,
    "pct3ResTime" : 373.0,
    "throughput" : 2.680965147453083,
    "receivedKBytesPerSec" : 49.27844336461126,
    "sentKBytesPerSec" : 3.097247821715818
  },
  "/api/offeringservice/getinsurance" : {
    "transaction" : "/api/offeringservice/getinsurance",
    "sampleCount" : 65263,
    "errorCount" : 2220,
    "errorPct" : 3.401621,
    "meanResTime" : 315.85575287682235,
    "medianResTime" : 78.0,
    "minResTime" : 0.0,
    "maxResTime" : 60036.0,
    "pct1ResTime" : 3734.9000000000015,
    "pct2ResTime" : 7044.9000000000015,
    "pct3ResTime" : 8372.990000000002,
    "throughput" : 33.10599162496481,
    "receivedKBytesPerSec" : 177.6836043610675,
    "sentKBytesPerSec" : 20.820510553444745
  },
  "/api/mortgageservice/getmortgageapplicationparameter" : {
    "transaction" : "/api/mortgageservice/getmortgageapplicationparameter",
    "sampleCount" : 65044,
    "errorCount" : 2068,
    "errorPct" : 3.1793864,
    "meanResTime" : 4350.12682184371,
    "medianResTime" : 1835.0,
    "minResTime" : 0.0,
    "maxResTime" : 60013.0,
    "pct1ResTime" : 12318.200000000012,
    "pct2ResTime" : 18909.600000000006,
    "pct3ResTime" : 33241.85000000002,
    "throughput" : 33.08477197123064,
    "receivedKBytesPerSec" : 116.98797423072716,
    "sentKBytesPerSec" : 25.621674289031425
  },
  "/api/offeringservice/checkdisbursmentstatus" : {
    "transaction" : "/api/offeringservice/checkdisbursmentstatus",
    "sampleCount" : 64851,
    "errorCount" : 2063,
    "errorPct" : 3.1811383,
    "meanResTime" : 321.6712001356962,
    "medianResTime" : 82.0,
    "minResTime" : 0.0,
    "maxResTime" : 60022.0,
    "pct1ResTime" : 3722.9000000000015,
    "pct2ResTime" : 6813.9000000000015,
    "pct3ResTime" : 8315.990000000002,
    "throughput" : 32.98534374674157,
    "receivedKBytesPerSec" : 180.26991531741228,
    "sentKBytesPerSec" : 20.506526513436807
  },
  "/api/offeringservice/getplafonNoStatusOffering" : {
    "transaction" : "/api/offeringservice/getplafonNoStatusOffering",
    "sampleCount" : 65711,
    "errorCount" : 2476,
    "errorPct" : 3.7680144,
    "meanResTime" : 282.9070018718333,
    "medianResTime" : 76.0,
    "minResTime" : 0.0,
    "maxResTime" : 60030.0,
    "pct1ResTime" : 2285.800000000003,
    "pct2ResTime" : 6536.850000000002,
    "pct3ResTime" : 7967.980000000003,
    "throughput" : 33.29222743955204,
    "receivedKBytesPerSec" : 14.482203621323269,
    "sentKBytesPerSec" : 19.227464156049052
  },
  "esbmockupservice/signature" : {
    "transaction" : "esbmockupservice/signature",
    "sampleCount" : 65059,
    "errorCount" : 1979,
    "errorPct" : 3.0418544,
    "meanResTime" : 48.95975960282216,
    "medianResTime" : 41.0,
    "minResTime" : 0.0,
    "maxResTime" : 120024.0,
    "pct1ResTime" : 85.0,
    "pct2ResTime" : 97.0,
    "pct3ResTime" : 139.0,
    "throughput" : 33.14078171880333,
    "receivedKBytesPerSec" : 10.25376447480019,
    "sentKBytesPerSec" : 19.23568104308979
  },
  "Total" : {
    "transaction" : "Total",
    "sampleCount" : 848983,
    "errorCount" : 29888,
    "errorPct" : 3.5204475,
    "meanResTime" : 1600.9211845231725,
    "medianResTime" : 399.0,
    "minResTime" : 0.0,
    "maxResTime" : 120024.0,
    "pct1ResTime" : 7706.0,
    "pct2ResTime" : 8315.0,
    "pct3ResTime" : 12611.970000000005,
    "throughput" : 429.5624851370428,
    "receivedKBytesPerSec" : 1093.5319157498013,
    "sentKBytesPerSec" : 264.0827468262843
  },
  "/api/offeringservice/getinsurancekring" : {
    "transaction" : "/api/offeringservice/getinsurancekring",
    "sampleCount" : 65378,
    "errorCount" : 2293,
    "errorPct" : 3.507296,
    "meanResTime" : 308.15659702040404,
    "medianResTime" : 78.0,
    "minResTime" : 0.0,
    "maxResTime" : 60036.0,
    "pct1ResTime" : 3651.900000000016,
    "pct2ResTime" : 6731.9000000000015,
    "pct3ResTime" : 8293.980000000003,
    "throughput" : 33.154774854544065,
    "receivedKBytesPerSec" : 20.584374408090813,
    "sentKBytesPerSec" : 20.620872007903024
  },
  "/api/offeringservice/getplafonHaveStatusOffer" : {
    "transaction" : "/api/offeringservice/getplafonHaveStatusOffer",
    "sampleCount" : 64931,
    "errorCount" : 2084,
    "errorPct" : 3.2095609,
    "meanResTime" : 296.9481449538743,
    "medianResTime" : 77.0,
    "minResTime" : 0.0,
    "maxResTime" : 60037.0,
    "pct1ResTime" : 2928.0,
    "pct2ResTime" : 6189.750000000004,