{
  "/api/offeringservice/getoffering" : {
    "transaction" : "/api/offeringservice/getoffering",
    "sampleCount" : 40494,
    "errorCount" : 3310,
    "errorPct" : 8.17405,
    "meanResTime" : 238.10357089939205,
    "medianResTime" : 103.0,
    "minResTime" : 0.0,
    "maxResTime" : 6210.0,
    "pct1ResTime" : 830.0,
    "pct2ResTime" : 1328.0,
    "pct3ResTime" : 2349.970000000005,
    "throughput" : 37.92215721952878,
    "receivedKBytesPerSec" : 294.84226892180465,
    "sentKBytesPerSec" : 21.866594834599777
  },
  "/api/paylaterservice/v1/transaction/getpaylateraccountinformation" : {
    "transaction" : "/api/paylaterservice/v1/transaction/getpaylateraccountinformation",
    "sampleCount" : 39362,
    "errorCount" : 4780,
    "errorPct" : 12.143692,
    "meanResTime" : 13802.08637772469,
    "medianResTime" : 954.0,
    "minResTime" : 0.0,
    "maxResTime" : 1029620.0,
    "pct1ResTime" : 47874.700000000004,
    "pct2ResTime" : 54766.9,
    "pct3ResTime" : 67335.0,
    "throughput" : 20.038782441094522,
    "receivedKBytesPerSec" : 12.321290779185722,
    "sentKBytesPerSec" : 11.50395498140296
  },
  "/api/offeringservice/getdebiturdata" : {
    "transaction" : "/api/offeringservice/getdebiturdata",
    "sampleCount" : 40435,
    "errorCount" : 3908,
    "errorPct" : 9.664894,
    "meanResTime" : 16518.18728824065,
    "medianResTime" : 1682.0,
    "minResTime" : 0.0,
    "maxResTime" : 300219.0,
    "pct1ResTime" : 54480.9,
    "pct2ResTime" : 67855.9,
    "pct3ResTime" : 74721.99,
    "throughput" : 34.141868392322024,
    "receivedKBytesPerSec" : 23.067320488688473,
    "sentKBytesPerSec" : 19.852377225744156
  },
  "/api/paylaterservice/v1/user/paylatermenu" : {
    "transaction" : "/api/paylaterservice/v1/user/paylatermenu",
    "sampleCount" : 40727,
    "errorCount" : 4304,
    "errorPct" : 10.567928,
    "meanResTime" : 920.7313084685749,
    "medianResTime" : 70.0,
    "minResTime" : 0.0,
    "maxResTime" : 61257.0,
    "pct1ResTime" : 340.0,
    "pct2ResTime" : 1436.9000000000015,
    "pct3ResTime" : 25319.790000000034,
    "throughput" : 37.568468573178585,
    "receivedKBytesPerSec" : 20.397974734658334,
    "sentKBytesPerSec" : 20.954911569401627
  },
  "/api/informationservice/tnc" : {
    "transaction" : "/api/informationservice/tnc",
    "sampleCount" : 39478,
    "errorCount" : 3913,
    "errorPct" : 9.91185,
    "meanResTime" : 45.48343381123702,
    "medianResTime" : 46.0,
    "minResTime" : 0.0,
    "maxResTime" : 4180.0,
    "pct1ResTime" : 53.0,
    "pct2ResTime" : 57.0,
    "pct3ResTime" : 92.0,
    "throughput" : 37.05935805584343,
    "receivedKBytesPerSec" : 189.46632136933897,
    "sentKBytesPerSec" : 22.203054132883963
  },
  "/api/userservice/getmenuislandlist" : {
    "transaction" : "/api/userservice/getmenuislandlist",
    "sampleCount" : 40765,
    "errorCount" : 4139,
    "errorPct" : 10.153317,
    "meanResTime" : 107.02823500551904,
    "medianResTime" : 99.0,
    "minResTime" : 0.0,
    "maxResTime" : 9704.0,
    "pct1ResTime" : 120.0,
    "pct2ResTime" : 134.0,
    "pct3ResTime" : 289.9800000000032,
    "throughput" : 38.117046870923794,
    "receivedKBytesPerSec" : 45.81661023922853,
    "sentKBytesPerSec" : 19.53143627819039
  },
  "/api/loginservice/v2/loginHaveStatusOffer" : {
    "transaction" : "/api/loginservice/v2/loginHaveStatusOffer",
    "sampleCount" : 1,
    "errorCount" : 0,
    "errorPct" : 0.0,
    "meanResTime" : 399.0,
    "medianResTime" : 399.0,
    "minResTime" : 399.0,
    "maxResTime" : 399.0,
    "pct1ResTime" : 399.0,
    "pct2ResTime" : 399.0,
    "pct3ResTime" : 399.0,
    "throughput" : 2.506265664160401,
    "receivedKBytesPerSec" : 46.06731672932331,
    "sentKBytesPerSec" : 2.895422149122807
  },
  "/api/offeringservice/getinsurance" : {
    "transaction" : "/api/offeringservice/getinsurance",
    "sampleCount" : 39492,
    "errorCount" : 3960,
    "errorPct" : 10.027348,
    "meanResTime" : 160.74096019447194,
    "medianResTime" : 72.0,
    "minResTime" : 0.0,
    "maxResTime" : 5863.0,
    "pct1ResTime" : 412.0,
    "pct2ResTime" : 868.9500000000007,
    "pct3ResTime" : 2229.9100000000144,
    "throughput" : 37.052569952065845,
    "receivedKBytesPerSec" : 190.4871430783389,
    "sentKBytesPerSec" : 21.68463024834004
  },
  "/api/mortgageservice/getmortgageapplicationparameter" : {
    "transaction" : "/api/mortgageservice/getmortgageapplicationparameter",
    "sampleCount" : 39389,
    "errorCount" : 30370,
    "errorPct" : 77.102745,
    "meanResTime" : 9243.535149407197,
    "medianResTime" : 42.0,
    "minResTime" : 0.0,
    "maxResTime" : 83862.0,
    "pct1ResTime" : 27276.800000000003,
    "pct2ResTime" : 30628.750000000004,
    "pct3ResTime" : 41162.65000000005,
    "throughput" : 37.06669728189473,
    "receivedKBytesPerSec" : 44.67061039414832,
    "sentKBytesPerSec" : 27.379137400755372
  },
  "/api/offeringservice/checkdisbursmentstatus" : {
    "transaction" : "/api/offeringservice/checkdisbursmentstatus",
    "sampleCount" : 38805,
    "errorCount" : 3817,
    "errorPct" : 9.836361,
    "meanResTime" : 205.93706996521183,
    "medianResTime" : 91.0,
    "minResTime" : 0.0,
    "maxResTime" : 7164.0,
    "pct1ResTime" : 610.0,
    "pct2ResTime" : 948.0,
    "pct3ResTime" : 2401.9600000000064,
    "throughput" : 36.59257624749991,
    "receivedKBytesPerSec" : 191.28964295215712,
    "sentKBytesPerSec" : 21.17030260748627
  },
  "/api/offeringservice/getplafonNoStatusOffering" : {
    "transaction" : "/api/offeringservice/getplafonNoStatusOffering",
    "sampleCount" : 40529,
    "errorCount" : 3333,
    "errorPct" : 8.223741,
    "meanResTime" : 205.34316168669423,
    "medianResTime" : 89.0,
    "minResTime" : 0.0,
    "maxResTime" : 5850.0,
    "pct1ResTime" : 711.0,
    "pct2ResTime" : 1149.9500000000007,
    "pct3ResTime" : 2401.9600000000064,
    "throughput" : 37.935288457578444,
    "receivedKBytesPerSec" : 19.096637219994534,
    "sentKBytesPerSec" : 20.87631454388078
  },
  "esbmockupservice/signature" : {
    "transaction" : "esbmockupservice/signature",
    "sampleCount" : 39408,
    "errorCount" : 3119,
    "errorPct" : 7.9146366,
    "meanResTime" : 97.39715286236321,
    "medianResTime" : 39.0,
    "minResTime" : 0.0,
    "maxResTime" : 9229.0,
    "pct1ResTime" : 50.0,
    "pct2ResTime" : 97.0,
    "pct3ResTime" : 4576.0,
    "throughput" : 37.066020557118996,
    "receivedKBytesPerSec" : 14.415748142783846,
    "sentKBytesPerSec" : 20.432762468972914
  },
  "Total" : {
    "transaction" : "Total",
    "sampleCount" : 517243,
    "errorCount" : 76691,
    "errorPct" : 14.82688,
    "meanResTime" : 3227.6474307046324,
    "medianResTime" : 134.0,
    "minResTime" : 0.0,
    "maxResTime" : 1029620.0,
    "pct1ResTime" : 22633.800000000003,
    "pct2ResTime" : 29282.850000000002,
    "pct3ResTime" : 58955.96000000001,
    "throughput" : 262.2449383126661,
    "receivedKBytesPerSec" : 597.248597445118,
    "sentKBytesPerSec" : 151.62998062194086
  },
  "/api/offeringservice/getinsurancekring" : {
    "transaction" : "/api/offeringservice/getinsurancekring",
    "sampleCount" : 39514,
    "errorCount" : 3976,
    "errorPct" : 10.062257,
    "meanResTime" : 171.28190008604653,
    "medianResTime" : 77.0,
    "minResTime" : 0.0,
    "maxResTime" : 7188.0,
    "pct1ResTime" : 422.90000000000146,
    "pct2ResTime" : 882.0,
    "pct3ResTime" : 2257.970000000005,
    "throughput" : 37.052561300262276,
    "receivedKBytesPerSec" : 26.694751326210977,
    "sentKBytesPerSec" : 21.44717622963886
  },
  "/api/offeringservice/getplafonHaveStatusOffer" : {
    "transaction" : "/api/offeringservice/getplafonHaveStatusOffer",
    "sampleCount" : 38843,
    "errorCount" : 3762,
    "errorPct" : 9.6851425,
    "meanResTime" : 196.32270936848266,
    "medianResTime" : 94.0,
    "minResTime" : 0.0,
    "maxResTime" : 7906.0,
    "pct1ResTime" : 538.0,
    "pct2ResTime" : 857.9500000000007,
    "pct3ResTime" : 2287.980000000003,
    "throughput" : 36.60835292099653,