{
  "/api/offeringservice/getoffering" : {
    "transaction" : "/api/offeringservice/getoffering",
    "sampleCount" : 13967,
    "errorCount" : 1451,
    "errorPct" : 10.388774,
    "meanResTime" : 3921.9947733944255,
    "medianResTime" : 4628.0,
    "minResTime" : 0.0,
    "maxResTime" : 9526.0,
    "pct1ResTime" : 6823.200000000001,
    "pct2ResTime" : 7185.199999999997,
    "pct3ResTime" : 7762.5999999999985,
    "throughput" : 77.62592607001729,
    "receivedKBytesPerSec" : 594.132473907821,
    "sentKBytesPerSec" : 43.69720840778483
  },
  "/api/paylaterservice/v1/transaction/getpaylateraccountinformation" : {
    "transaction" : "/api/paylaterservice/v1/transaction/getpaylateraccountinformation",
    "sampleCount" : 1558,
    "errorCount" : 1222,
    "errorPct" : 78.43389,
    "meanResTime" : 915.8042362002567,
    "medianResTime" : 1.0,
    "minResTime" : 0.0,
    "maxResTime" : 25003.0,
    "pct1ResTime" : 227.0,
    "pct2ResTime" : 2525.8499999999467,
    "pct3ResTime" : 22511.680000000004,
    "throughput" : 8.655940264011733,
    "receivedKBytesPerSec" : 17.109766510456023,
    "sentKBytesPerSec" : 1.1831255000222232
  },
  "/api/offeringservice/getdebiturdata" : {
    "transaction" : "/api/offeringservice/getdebiturdata",
    "sampleCount" : 8913,
    "errorCount" : 1437,
    "errorPct" : 16.122519,
    "meanResTime" : 12544.148434870414,
    "medianResTime" : 9720.0,
    "minResTime" : 0.0,
    "maxResTime" : 136722.0,
    "pct1ResTime" : 30461.2,
    "pct2ResTime" : 32660.199999999997,
    "pct3ResTime" : 34924.72,
    "throughput" : 30.508300530549374,
    "receivedKBytesPerSec" : 24.342599451266473,
    "sentKBytesPerSec" : 16.479317532731475
  },
  "/api/paylaterservice/v1/user/paylatermenu" : {
    "transaction" : "/api/paylaterservice/v1/user/paylatermenu",
    "sampleCount" : 16078,
    "errorCount" : 1830,
    "errorPct" : 11.382012,
    "meanResTime" : 4150.988928971274,
    "medianResTime" : 4133.5,
    "minResTime" : 0.0,
    "maxResTime" : 12588.0,
    "pct1ResTime" : 8399.0,
    "pct2ResTime" : 9458.0,
    "pct3ResTime" : 10813.21,
    "throughput" : 89.35945532860914,
    "receivedKBytesPerSec" : 54.3799119858969,
    "sentKBytesPerSec" : 48.41087757919966
  },
  "/api/informationservice/tnc" : {
    "transaction" : "/api/informationservice/tnc",
    "sampleCount" : 2382,
    "errorCount" : 1389,
    "errorPct" : 58.312344,
    "meanResTime" : 26.87069689336692,
    "medianResTime" : 1.0,
    "minResTime" : 0.0,
    "maxResTime" : 1244.0,
    "pct1ResTime" : 53.0,
    "pct2ResTime" : 58.0,
    "pct3ResTime" : 222.17000000000007,
    "throughput" : 13.226940312182444,
    "receivedKBytesPerSec" : 48.43721693369039,
    "sentKBytesPerSec" : 3.6670264320161925
  },
  "/api/userservice/getmenuislandlist" : {
    "transaction" : "/api/userservice/getmenuislandlist",
    "sampleCount" : 16080,
    "errorCount" : 2070,
    "errorPct" : 12.873135,
    "meanResTime" : 287.74975124378096,
    "medianResTime" : 124.0,
    "minResTime" : 0.0,
    "maxResTime" : 9160.0,
    "pct1ResTime" : 515.0,
    "pct2ResTime" : 688.0,
    "pct3ResTime" : 3379.0,
    "throughput" : 89.35467917335808,
    "receivedKBytesPerSec" : 111.84931070339026,
    "sentKBytesPerSec" : 44.39992956650756
  },
  "/api/loginservice/v2/loginHaveStatusOffer" : {
    "transaction" : "/api/loginservice/v2/loginHaveStatusOffer",
    "sampleCount" : 1,
    "errorCount" : 0,
    "errorPct" : 0.0,
    "meanResTime" : 372.0,
    "medianResTime" : 372.0,
    "minResTime" : 372.0,
    "maxResTime" : 372.0,
    "pct1ResTime" : 372.0,
    "pct2ResTime" : 372.0,
    "pct3ResTime" : 372.0,
    "throughput" : 2.688172043010753,
    "receivedKBytesPerSec" : 49.410912298387096,
    "sentKBytesPerSec" : 3.10557375672043
  },
  "/api/offeringservice/getinsurance" : {
    "transaction" : "/api/offeringservice/getinsurance",
    "sampleCount" : 3166,
    "errorCount" : 1408,
    "errorPct" : 44.47252,
    "meanResTime" : 2275.803853442831,
    "medianResTime" : 63.0,
    "minResTime" : 0.0,
    "maxResTime" : 7892.0,
    "pct1ResTime" : 6330.6,
    "pct2ResTime" : 6848.899999999998,
    "pct3ResTime" : 7464.99,
    "throughput" : 17.578634685322452,
    "receivedKBytesPerSec" : 72.0173431817551,
    "sentKBytesPerSec" : 6.355667527275756
  },
  "/api/mortgageservice/getmortgageapplicationparameter" : {
    "transaction" : "/api/mortgageservice/getmortgageapplicationparameter",
    "sampleCount" : 2146,
    "errorCount" : 1365,
    "errorPct" : 63.60671,
    "meanResTime" : 2511.400279589932,
    "medianResTime" : 1.0,
    "minResTime" : 0.0,
    "maxResTime" : 20538.0,
    "pct1ResTime" : 11680.8,
    "pct2ResTime" : 14836.899999999994,
    "pct3ResTime" : 19284.600000000006,
    "throughput" : 11.257823032897395,
    "receivedKBytesPerSec" : 31.65806780595731,
    "sentKBytesPerSec" : 3.3189846172156563
  },
  "/api/offeringservice/checkdisbursmentstatus" : {
    "transaction" : "/api/offeringservice/checkdisbursmentstatus",
    "sampleCount" : 891,
    "errorCount" : 677,
    "errorPct" : 75.98204,
    "meanResTime" : 24.21773288439955,
    "medianResTime" : 1.0,
    "minResTime" : 0.0,
    "maxResTime" : 6150.0,
    "pct1ResTime" : 66.0,
    "pct2ResTime" : 70.0,
    "pct3ResTime" : 78.20000000000061,
    "throughput" : 5.844270843582125,
    "receivedKBytesPerSec" : 18.450655861160854,
    "sentKBytesPerSec" : 0.9005997387788033
  },
  "/api/offeringservice/getplafonNoStatusOffering" : {
    "transaction" : "/api/offeringservice/getplafonNoStatusOffering",
    "sampleCount" : 16077,
    "errorCount" : 1537,
    "errorPct" : 9.560242,
    "meanResTime" : 3332.3128693164126,
    "medianResTime" : 3365.0,
    "minResTime" : 0.0,
    "maxResTime" : 9285.0,
    "pct1ResTime" : 6444.200000000001,
    "pct2ResTime" : 6826.0,
    "pct3ResTime" : 7464.0,
    "throughput" : 89.35787057365341,
    "receivedKBytesPerSec" : 48.28629529519167,
    "sentKBytesPerSec" : 48.457457119116036
  },
  "esbmockupservice/signature" : {
    "transaction" : "esbmockupservice/signature",
    "sampleCount" : 2194,
    "errorCount" : 1365,
    "errorPct" : 62.215134,
    "meanResTime" : 18.683226982680072,
    "medianResTime" : 1.0,
    "minResTime" : 0.0,
    "maxResTime" : 521.0,
    "pct1ResTime" : 44.0,
    "pct2ResTime" : 49.0,
    "pct3ResTime" : 110.10000000000036,
    "throughput" : 12.183812300430375,
    "receivedKBytesPerSec" : 19.23839242329585,
    "sentKBytesPerSec" : 2.755888388518673
  },
  "Total" : {
    "transaction" : "Total",
    "sampleCount" : 88793,
    "errorCount" : 18011,
    "errorPct" : 20.284256,
    "meanResTime" : 3579.9721712297533,
    "medianResTime" : 2.0,
    "minResTime" : 0.0,
    "maxResTime" : 136722.0,
    "pct1ResTime" : 9545.700000000004,
    "pct2ResTime" : 14739.550000000007,
    "pct3ResTime" : 33019.98,
    "throughput" : 300.8392314442438,
    "receivedKBytesPerSec" : 666.7403632748576,
    "sentKBytesPerSec" : 146.8783172903446
  },
  "/api/offeringservice/getinsurancekring" : {
    "transaction" : "/api/offeringservice/getinsurancekring",
    "sampleCount" : 4261,
    "errorCount" : 1424,
    "errorPct" : 33.419384,
    "meanResTime" : 2818.6636939685554,
    "medianResTime" : 2732.0,
    "minResTime" : 0.0,
    "maxResTime" : 7898.0,
    "pct1ResTime" : 6507.800000000001,
    "pct2ResTime" : 6906.099999999997,
    "pct3ResTime" : 7449.280000000001,
    "throughput" : 23.658027405778757,
    "receivedKBytesPerSec" : 27.546411606161303,
    "sentKBytesPerSec" : 10.137054702942123
  },
  "/api/offeringservice/getplafonHaveStatusOffer" : {
    "transaction" : "/api/offeringservice/getplafonHaveStatusOffer",
    "sampleCount" : 1078,
    "errorCount" : 836,
    "errorPct" : 77.55102,
    "meanResTime" : 178.6354359925794,
    "medianResTime" : 1.0,
    "minResTime" : 0.0,
    "maxResTime" : 7676.0,
    "pct1ResTime" : 62.0,
    "pct2ResTime" : 66.0,
    "pct3ResTime" : 7264.47,
    "throughput" : 6.747663668400529,