{
  "/api/offeringservice/getoffering" : {
    "transaction" : "/api/offeringservice/getoffering",
    "sampleCount" : 31840,
    "errorCount" : 0,
    "errorPct" : 0.0,
    "meanResTime" : 141.8728015075385,
    "medianResTime" : 104.0,
    "minResTime" : 62.0,
    "maxResTime" : 2383.0,
    "pct1ResTime" : 285.0,
    "pct2ResTime" : 431.0,
    "pct3ResTime" : 1470.9900000000016,
    "throughput" : 32.86512910710894,
    "receivedKBytesPerSec" : 271.58664307066005,
    "sentKBytesPerSec" : 20.63699024987407
  },
  "/api/paylaterservice/v1/transaction/getpaylateraccountinformation" : {
    "transaction" : "/api/paylaterservice/v1/transaction/getpaylateraccountinformation",
    "sampleCount" : 30553,
    "errorCount" : 2,
    "errorPct" : 0.006546002,
    "meanResTime" : 4784.3558079403,
    "medianResTime" : 580.0,
    "minResTime" : 152.0,
    "maxResTime" : 303544.0,
    "pct1ResTime" : 33226.300000000025,
    "pct2ResTime" : 41213.95,
    "pct3ResTime" : 48224.990000000005,
    "throughput" : 29.801757301932877,
    "receivedKBytesPerSec" : 12.982755122923836,
    "sentKBytesPerSec" : 18.88740961590233
  },
  "/api/offeringservice/getdebiturdata" : {
    "transaction" : "/api/offeringservice/getdebiturdata",
    "sampleCount" : 31775,
    "errorCount" : 5,
    "errorPct" : 0.015735641,
    "meanResTime" : 8947.434303697897,
    "medianResTime" : 2278.0,
    "minResTime" : 219.0,
    "maxResTime" : 300311.0,
    "pct1ResTime" : 43177.20000000001,
    "pct2ResTime" : 48162.850000000006,
    "pct3ResTime" : 64831.660000000054,
    "throughput" : 27.637091716874412,
    "receivedKBytesPerSec" : 13.578234068390822,
    "sentKBytesPerSec" : 17.78542017566405
  },
  "/api/paylaterservice/v1/user/paylatermenu" : {
    "transaction" : "/api/paylaterservice/v1/user/paylatermenu",
    "sampleCount" : 31920,
    "errorCount" : 2,
    "errorPct" : 0.006265664,
    "meanResTime" : 79.51318922305747,
    "medianResTime" : 70.0,
    "minResTime" : 0.0,
    "maxResTime" : 5521.0,
    "pct1ResTime" : 97.0,
    "pct2ResTime" : 111.0,
    "pct3ResTime" : 219.950000000008,
    "throughput" : 32.94352229415717,
    "receivedKBytesPerSec" : 12.583187279976592,
    "sentKBytesPerSec" : 20.105870461235114
  },
  "/api/informationservice/tnc" : {
    "transaction" : "/api/informationservice/tnc",
    "sampleCount" : 30707,
    "errorCount" : 0,
    "errorPct" : 0.0,
    "meanResTime" : 48.70394372618634,
    "medianResTime" : 46.0,
    "minResTime" : 41.0,
    "maxResTime" : 1107.0,
    "pct1ResTime" : 53.0,
    "pct2ResTime" : 58.0,
    "pct3ResTime" : 87.0,
    "throughput" : 31.81169284576193,
    "receivedKBytesPerSec" : 172.63435267958891,
    "sentKBytesPerSec" : 21.15601838668347
  },
  "/api/userservice/getmenuislandlist" : {
    "transaction" : "/api/userservice/getmenuislandlist",
    "sampleCount" : 31940,
    "errorCount" : 29,
    "errorPct" : 0.09079524,
    "meanResTime" : 107.55801502817764,
    "medianResTime" : 101.0,
    "minResTime" : 0.0,
    "maxResTime" : 3170.0,
    "pct1ResTime" : 121.0,
    "pct2ResTime" : 133.0,
    "pct3ResTime" : 177.9900000000016,
    "throughput" : 32.94277816741615,
    "receivedKBytesPerSec" : 35.684548193897236,
    "sentKBytesPerSec" : 18.770619855914024
  },
  "/api/loginservice/v2/loginHaveStatusOffer" : {
    "transaction" : "/api/loginservice/v2/loginHaveStatusOffer",
    "sampleCount" : 1,
    "errorCount" : 0,
    "errorPct" : 0.0,
    "meanResTime" : 385.0,
    "medianResTime" : 385.0,
    "minResTime" : 385.0,
    "maxResTime" : 385.0,
    "pct1ResTime" : 385.0,
    "pct2ResTime" : 385.0,
    "pct3ResTime" : 385.0,
    "throughput" : 2.5974025974025974,
    "receivedKBytesPerSec" : 47.742491883116884,
    "sentKBytesPerSec" : 3.000710227272727
  },
  "/api/offeringservice/getinsurance" : {
    "transaction" : "/api/offeringservice/getinsurance",
    "sampleCount" : 30795,
    "errorCount" : 0,
    "errorPct" : 0.0,
    "meanResTime" : 121.83341451534298,
    "medianResTime" : 88.0,
    "minResTime" : 54.0,
    "maxResTime" : 2339.0,
    "pct1ResTime" : 214.0,
    "pct2ResTime" : 339.9500000000007,
    "pct3ResTime" : 1374.0,
    "throughput" : 31.8508229292828,
    "receivedKBytesPerSec" : 173.84204038257963,
    "sentKBytesPerSec" : 20.715476631740568
  },
  "/api/mortgageservice/getmortgageapplicationparameter" : {
    "transaction" : "/api/mortgageservice/getmortgageapplicationparameter",
    "sampleCount" : 30576,
    "errorCount" : 3344,
    "errorPct" : 10.936683,
    "meanResTime" : 8852.328427524828,
    "medianResTime" : 8658.5,
    "minResTime" : 33.0,
    "maxResTime" : 62939.0,
    "pct1ResTime" : 29447.700000000004,
    "pct2ResTime" : 35807.9,
    "pct3ResTime" : 51569.71000000005,
    "throughput" : 31.76209179385804,
    "receivedKBytesPerSec" : 101.73518794369386,
    "sentKBytesPerSec" : 25.403469901532944
  },
  "/api/offeringservice/checkdisbursmentstatus" : {
    "transaction" : "/api/offeringservice/checkdisbursmentstatus",
    "sampleCount" : 30013,
    "errorCount" : 1,
    "errorPct" : 0.0033318894,
    "meanResTime" : 135.94772265351742,
    "medianResTime" : 97.0,
    "minResTime" : 57.0,
    "maxResTime" : 2336.0,
    "pct1ResTime" : 270.0,
    "pct2ResTime" : 420.0,
    "pct3ResTime" : 1443.9900000000016,
    "throughput" : 31.219086987591627,
    "receivedKBytesPerSec" : 173.28483835550057,
    "sentKBytesPerSec" : 20.030214991062206
  },
  "/api/offeringservice/getplafonNoStatusOffering" : {
    "transaction" : "/api/offeringservice/getplafonNoStatusOffering",
    "sampleCount" : 31893,
    "errorCount" : 0,
    "errorPct" : 0.0,
    "meanResTime" : 124.07268052550748,
    "medianResTime" : 89.0,
    "minResTime" : 53.0,
    "maxResTime" : 2277.0,
    "pct1ResTime" : 248.0,
    "pct2ResTime" : 380.9500000000007,
    "pct3ResTime" : 1422.9600000000064,
    "throughput" : 32.90136090914343,
    "receivedKBytesPerSec" : 11.309842812518054,
    "sentKBytesPerSec" : 19.727964451380924
  },
  "esbmockupservice/signature" : {
    "transaction" : "esbmockupservice/signature",
    "sampleCount" : 30610,
    "errorCount" : 0,
    "errorPct" : 0.0,
    "meanResTime" : 42.01983012087544,
    "medianResTime" : 39.0,
    "minResTime" : 34.0,
    "maxResTime" : 669.0,
    "pct1ResTime" : 46.0,
    "pct2ResTime" : 51.0,
    "pct3ResTime" : 84.0,
    "throughput" : 31.77862723805213,
    "receivedKBytesPerSec" : 7.199845233621185,
    "sentKBytesPerSec" : 19.023729000904254
  },
  "Total" : {
    "transaction" : "Total",
    "sampleCount" : 403578,
    "errorCount" : 3384,
    "errorPct" : 0.8384996,
    "meanResTime" : 1818.1325295234262,
    "medianResTime" : 161.0,
    "minResTime" : 0.0,
    "maxResTime" : 303544.0,
    "pct1ResTime" : 25928.700000000004,
    "pct2ResTime" : 41703.9,
    "pct3ResTime" : 49138.94000000001,
    "throughput" : 350.1661123802963,
    "receivedKBytesPerSec" : 853.4366464452645,
    "sentKBytesPerSec" : 222.81016794231707
  },
  "/api/offeringservice/getinsurancekring" : {
    "transaction" : "/api/offeringservice/getinsurancekring",
    "sampleCount" : 30878,
    "errorCount" : 0,
    "errorPct" : 0.0,
    "meanResTime" : 123.53666040546601,
    "medianResTime" : 88.0,
    "minResTime" : 53.0,
    "maxResTime" : 2366.0,
    "pct1ResTime" : 222.0,
    "pct2ResTime" : 366.0,
    "pct3ResTime" : 1338.9700000000048,
    "throughput" : 31.917290823804727,
    "receivedKBytesPerSec" : 17.361260731307848,
    "sentKBytesPerSec" : 20.540522121960272
  },
  "/api/offeringservice/getplafonHaveStatusOffer" : {
    "transaction" : "/api/offeringservice/getplafonHaveStatusOffer",
    "sampleCount" : 30076,
    "errorCount" : 1,
    "errorPct" : 0.0033249103,
    "meanResTime" : 124.06410426918463,
    "medianResTime" : 92.0,
    "minResTime" : 1.0,
    "maxResTime" : 2344.0,
    "pct1ResTime" : 237.0,
    "pct2ResTime" : 352.0,
    "pct3ResTime" : 1286.9900000000016,
    "throughput" : 31.267120973484907,
    "receivedKBytesPerSec" : 11.23874344724791,