{
  "/api/offeringservice/getoffering" : {
    "transaction" : "/api/offeringservice/getoffering",
    "sampleCount" : 33479,
    "errorCount" : 213,
    "errorPct" : 0.63621974,
    "meanResTime" : 211.4332566683584,
    "medianResTime" : 133.0,
    "minResTime" : 0.0,
    "maxResTime" : 2754.0,
    "pct1ResTime" : 363.0,
    "pct2ResTime" : 501.0,
    "pct3ResTime" : 795.0,
    "throughput" : 34.606264458470214,
    "receivedKBytesPerSec" : 284.68202525955473,
    "sentKBytesPerSec" : 21.592697440488987
  },
  "/api/paylaterservice/v1/transaction/getpaylateraccountinformation" : {
    "transaction" : "/api/paylaterservice/v1/transaction/getpaylateraccountinformation",
    "sampleCount" : 32586,
    "errorCount" : 611,
    "errorPct" : 1.8750384,
    "meanResTime" : 4755.533143067586,
    "medianResTime" : 594.0,
    "minResTime" : 0.0,
    "maxResTime" : 299784.0,
    "pct1ResTime" : 22255.9,
    "pct2ResTime" : 32581.9,
    "pct3ResTime" : 44847.550000000076,
    "throughput" : 33.666283711742395,
    "receivedKBytesPerSec" : 14.570473889607216,
    "sentKBytesPerSec" : 21.33470319034685
  },
  "/api/offeringservice/getdebiturdata" : {
    "transaction" : "/api/offeringservice/getdebiturdata",
    "sampleCount" : 33474,
    "errorCount" : 193,
    "errorPct" : 0.5765669,
    "meanResTime" : 8229.931110712796,
    "medianResTime" : 2123.0,
    "minResTime" : 0.0,
    "maxResTime" : 300314.0,
    "pct1ResTime" : 31902.700000000004,
    "pct2ResTime" : 40330.9,
    "pct3ResTime" : 46668.80000000003,
    "throughput" : 27.215873243009437,
    "receivedKBytesPerSec" : 13.659543550610842,
    "sentKBytesPerSec" : 17.41705710407344
  },
  "/api/paylaterservice/v1/user/paylatermenu" : {
    "transaction" : "/api/paylaterservice/v1/user/paylatermenu",
    "sampleCount" : 33494,
    "errorCount" : 861,
    "errorPct" : 2.5706096,
    "meanResTime" : 786.1354869528909,
    "medianResTime" : 78.0,
    "minResTime" : 0.0,
    "maxResTime" : 60772.0,
    "pct1ResTime" : 118.0,
    "pct2ResTime" : 141.0,
    "pct3ResTime" : 27707.360000000102,
    "throughput" : 34.574951276715225,
    "receivedKBytesPerSec" : 13.651971486555677,
    "sentKBytesPerSec" : 20.945363178151737
  },
  "/api/informationservice/tnc" : {
    "transaction" : "/api/informationservice/tnc",
    "sampleCount" : 33228,
    "errorCount" : 136,
    "errorPct" : 0.40929335,
    "meanResTime" : 51.288612013963764,
    "medianResTime" : 48.0,
    "minResTime" : 0.0,
    "maxResTime" : 1056.0,
    "pct1ResTime" : 57.0,
    "pct2ResTime" : 64.0,
    "pct3ResTime" : 108.0,
    "throughput" : 34.426560711159,
    "receivedKBytesPerSec" : 186.39817512316293,
    "sentKBytesPerSec" : 22.801299912711038
  },
  "/api/userservice/getmenuislandlist" : {
    "transaction" : "/api/userservice/getmenuislandlist",
    "sampleCount" : 33498,
    "errorCount" : 270,
    "errorPct" : 0.8060183,
    "meanResTime" : 115.08636336497727,
    "medianResTime" : 106.0,
    "minResTime" : 0.0,
    "maxResTime" : 3412.0,
    "pct1ResTime" : 134.0,
    "pct2ResTime" : 150.0,
    "pct3ResTime" : 213.9900000000016,
    "throughput" : 34.557890501686735,
    "receivedKBytesPerSec" : 37.75993711506917,
    "sentKBytesPerSec" : 19.54994042276624
  },
  "/api/loginservice/v2/loginHaveStatusOffer" : {
    "transaction" : "/api/loginservice/v2/loginHaveStatusOffer",
    "sampleCount" : 1,
    "errorCount" : 0,
    "errorPct" : 0.0,
    "meanResTime" : 364.0,
    "medianResTime" : 364.0,
    "minResTime" : 364.0,
    "maxResTime" : 364.0,
    "pct1ResTime" : 364.0,
    "pct2ResTime" : 364.0,
    "pct3ResTime" : 364.0,
    "throughput" : 2.7472527472527473,
    "receivedKBytesPerSec" : 50.49686641483517,
    "sentKBytesPerSec" : 3.173828125
  },
  "/api/offeringservice/getinsurance" : {
    "transaction" : "/api/offeringservice/getinsurance",
    "sampleCount" : 33249,
    "errorCount" : 156,
    "errorPct" : 0.46918705,
    "meanResTime" : 166.2584739390655,
    "medianResTime" : 114.0,
    "minResTime" : 0.0,
    "maxResTime" : 2265.0,
    "pct1ResTime" : 296.0,
    "pct2ResTime" : 412.0,
    "pct3ResTime" : 681.0,
    "throughput" : 34.42688131739329,
    "receivedKBytesPerSec" : 187.40830109005773,
    "sentKBytesPerSec" : 22.28586555730255
  },
  "/api/mortgageservice/getmortgageapplicationparameter" : {
    "transaction" : "/api/mortgageservice/getmortgageapplicationparameter",
    "sampleCount" : 33130,
    "errorCount" : 46,
    "errorPct" : 0.13884696,
    "meanResTime" : 5131.962903712671,
    "medianResTime" : 2547.0,
    "minResTime" : 0.0,
    "maxResTime" : 52346.0,
    "pct1ResTime" : 10998.900000000001,
    "pct2ResTime" : 13534.0,
    "pct3ResTime" : 21577.99,
    "throughput" : 34.08706245247823,
    "receivedKBytesPerSec" : 121.05869948030862,
    "sentKBytesPerSec" : 27.24982578030873
  },
  "/api/offeringservice/checkdisbursmentstatus" : {
    "transaction" : "/api/offeringservice/checkdisbursmentstatus",
    "sampleCount" : 32505,
    "errorCount" : 7,
    "errorPct" : 0.021535149,
    "meanResTime" : 201.59178587909665,
    "medianResTime" : 124.0,
    "minResTime" : 0.0,
    "maxResTime" : 2637.0,
    "pct1ResTime" : 355.0,
    "pct2ResTime" : 496.0,
    "pct3ResTime" : 780.9900000000016,
    "throughput" : 33.89189003199945,
    "receivedKBytesPerSec" : 188.10347405883667,
    "sentKBytesPerSec" : 21.740406763285403
  },
  "/api/offeringservice/getplafonNoStatusOffering" : {
    "transaction" : "/api/offeringservice/getplafonNoStatusOffering",
    "sampleCount" : 33483,
    "errorCount" : 230,
    "errorPct" : 0.68691576,
    "meanResTime" : 180.66117134067983,
    "medianResTime" : 115.0,
    "minResTime" : 0.0,
    "maxResTime" : 2134.0,
    "pct1ResTime" : 317.0,
    "pct2ResTime" : 438.0,
    "pct3ResTime" : 666.0,
    "throughput" : 34.58108786403456,
    "receivedKBytesPerSec" : 12.373931589312013,
    "sentKBytesPerSec" : 20.593330781898402
  },
  "esbmockupservice/signature" : {
    "transaction" : "esbmockupservice/signature",
    "sampleCount" : 33153,
    "errorCount" : 45,
    "errorPct" : 0.13573432,
    "meanResTime" : 44.15953307393033,
    "medianResTime" : 41.0,
    "minResTime" : 0.0,
    "maxResTime" : 1098.0,
    "pct1ResTime" : 50.0,
    "pct2ResTime" : 58.0,
    "pct3ResTime" : 98.0,
    "throughput" : 34.42335966508011,
    "receivedKBytesPerSec" : 7.900613052203519,
    "sentKBytesPerSec" : 20.578981904451894
  },
  "Total" : {
    "transaction" : "Total",
    "sampleCount" : 431056,
    "errorCount" : 2953,
    "errorPct" : 0.6850618,
    "meanResTime" : 1555.4581794476849,
    "medianResTime" : 102.0,
    "minResTime" : 0.0,
    "maxResTime" : 300314.0,
    "pct1ResTime" : 3794.4000000000087,
    "pct2ResTime" : 15294.300000000025,
    "pct3ResTime" : 26699.88000000002,
    "throughput" : 349.64869332736333,
    "receivedKBytesPerSec" : 863.7552704746047,
    "sentKBytesPerSec" : 221.75908618693958
  },
  "/api/offeringservice/getinsurancekring" : {
    "transaction" : "/api/offeringservice/getinsurancekring",
    "sampleCount" : 33268,
    "errorCount" : 177,
    "errorPct" : 0.5320428,
    "meanResTime" : 170.0611398340739,
    "medianResTime" : 116.0,
    "minResTime" : 0.0,
    "maxResTime" : 2683.0,
    "pct1ResTime" : 296.0,
    "pct2ResTime" : 413.0,
    "pct3ResTime" : 710.9900000000016,
    "throughput" : 34.426841926073564,
    "receivedKBytesPerSec" : 19.06635608886995,
    "sentKBytesPerSec" : 22.037678458659435
  },
  "/api/offeringservice/getplafonHaveStatusOffer" : {
    "transaction" : "/api/offeringservice/getplafonHaveStatusOffer",
    "sampleCount" : 32507,
    "errorCount" : 8,
    "errorPct" : 0.024610084,
    "meanResTime" : 178.2446242347795,
    "medianResTime" : 114.0,
    "minResTime" : 0.0,
    "maxResTime" : 2301.0,
    "pct1ResTime" : 309.0,
    "pct2ResTime" : 434.0,
    "pct3ResTime" : 698.9900000000016,
    "throughput" : 33.8838711022395,
    "receivedKBytesPerSec" : 12.194035898745524,
    "sentKBytesPerSec" : 20.080515700815123
  },