{
  "/api/offeringservice/getplafon" : {
    "transaction" : "/api/offeringservice/getplafon",
    "sampleCount" : 6653,
    "errorCount" : 0,
    "errorPct" : 0.0,
    "meanResTime" : 2240.5397565008257,
    "medianResTime" : 2567.0,
    "minResTime" : 55.0,
    "maxResTime" : 5347.0,
    "pct1ResTime" : 3978.0,
    "pct2ResTime" : 4214.0,
    "pct3ResTime" : 4618.46,
    "throughput" : 35.13209519937055,
    "receivedKBytesPerSec" : 12.076657724783626,
    "sentKBytesPerSec" : 21.065533644935073
  },
  "/api/offeringservice/getoffering" : {
    "transaction" : "/api/offeringservice/getoffering",
    "sampleCount" : 6568,
    "errorCount" : 3,
    "errorPct" : 0.045676004,
    "meanResTime" : 3209.196711327647,
    "medianResTime" : 3852.0,
    "minResTime" : 65.0,
    "maxResTime" : 6221.0,
    "pct1ResTime" : 4883.0,
    "pct2ResTime" : 5127.549999999999,
    "pct3ResTime" : 5557.619999999999,
    "throughput" : 34.670242079369935,
    "receivedKBytesPerSec" : 286.37704849142483,
    "sentKBytesPerSec" : 21.770474274448116
  },
  "/api/paylaterservice/v1/transaction/getpaylateraccountinformation" : {
    "transaction" : "/api/paylaterservice/v1/transaction/getpaylateraccountinformation",
    "sampleCount" : 604,
    "errorCount" : 0,
    "errorPct" : 0.0,
    "meanResTime" : 689.2748344370865,
    "medianResTime" : 289.0,
    "minResTime" : 146.0,
    "maxResTime" : 11893.0,
    "pct1ResTime" : 777.0,
    "pct2ResTime" : 3460.0,
    "pct3ResTime" : 9189.500000000027,
    "throughput" : 3.3524824466461296,
    "receivedKBytesPerSec" : 1.4601632531290762,
    "sentKBytesPerSec" : 2.124766706907557
  },
  "/api/offeringservice/getdebiturdata" : {
    "transaction" : "/api/offeringservice/getdebiturdata",
    "sampleCount" : 6546,
    "errorCount" : 4,
    "errorPct" : 0.06110602,
    "meanResTime" : 10489.281698747305,
    "medianResTime" : 8066.0,
    "minResTime" : 213.0,
    "maxResTime" : 136023.0,
    "pct1ResTime" : 20377.6,
    "pct2ResTime" : 21464.3,
    "pct3ResTime" : 24442.299999999996,
    "throughput" : 28.658614001830017,
    "receivedKBytesPerSec" : 14.07652681217794,
    "sentKBytesPerSec" : 18.44338537813084
  },
  "/api/paylaterservice/v1/user/paylatermenu" : {
    "transaction" : "/api/paylaterservice/v1/user/paylatermenu",
    "sampleCount" : 6692,
    "errorCount" : 0,
    "errorPct" : 0.0,
    "meanResTime" : 116.32411835026895,
    "medianResTime" : 99.0,
    "minResTime" : 53.0,
    "maxResTime" : 656.0,
    "pct1ResTime" : 184.0,
    "pct2ResTime" : 233.0,
    "pct3ResTime" : 360.0,
    "throughput" : 35.344199262694225,
    "receivedKBytesPerSec" : 13.49568546065766,
    "sentKBytesPerSec" : 21.57238724529677
  },
  "/api/informationservice/tnc" : {
    "transaction" : "/api/informationservice/tnc",
    "sampleCount" : 1220,
    "errorCount" : 0,
    "errorPct" : 0.0,
    "meanResTime" : 53.50409836065577,
    "medianResTime" : 48.0,
    "minResTime" : 41.0,
    "maxResTime" : 1059.0,
    "pct1ResTime" : 57.0,
    "pct2ResTime" : 66.95000000000005,
    "pct3ResTime" : 197.3199999999997,
    "throughput" : 6.439014091940677,
    "receivedKBytesPerSec" : 34.94297002823666,
    "sentKBytesPerSec" : 4.282195895128517
  },
  "/api/userservice/getmenuislandlist" : {
    "transaction" : "/api/userservice/getmenuislandlist",
    "sampleCount" : 6726,
    "errorCount" : 1,
    "errorPct" : 0.014867677,
    "meanResTime" : 138.02572108236708,
    "medianResTime" : 118.0,
    "minResTime" : 85.0,
    "maxResTime" : 4061.0,
    "pct1ResTime" : 190.30000000000018,
    "pct2ResTime" : 236.64999999999964,
    "pct3ResTime" : 391.4599999999991,
    "throughput" : 35.51795700457836,
    "receivedKBytesPerSec" : 38.441827488593695,
    "sentKBytesPerSec" : 20.253323207599976
  },
  "/api/offeringservice/getinsurance" : {
    "transaction" : "/api/offeringservice/getinsurance",
    "sampleCount" : 2096,
    "errorCount" : 1,
    "errorPct" : 0.047709923,
    "meanResTime" : 2690.4193702290004,
    "medianResTime" : 3141.5,
    "minResTime" : 59.0,
    "maxResTime" : 5909.0,
    "pct1ResTime" : 4622.6,
    "pct2ResTime" : 4895.15,
    "pct3ResTime" : 5439.09,
    "throughput" : 11.061736734887747,
    "receivedKBytesPerSec" : 60.34770947900064,
    "sentKBytesPerSec" : 7.194449868589101
  },
  "/api/mortgageservice/getmortgageapplicationparameter" : {
    "transaction" : "/api/mortgageservice/getmortgageapplicationparameter",
    "sampleCount" : 826,
    "errorCount" : 0,
    "errorPct" : 0.0,
    "meanResTime" : 1644.0556900726392,
    "medianResTime" : 661.0,
    "minResTime" : 139.0,
    "maxResTime" : 10086.0,
    "pct1ResTime" : 4951.100000000001,
    "pct2ResTime" : 7146.649999999997,
    "pct3ResTime" : 9537.210000000003,
    "throughput" : 4.439619031238578,
    "receivedKBytesPerSec" : 15.781458275105885,
    "sentKBytesPerSec" : 3.550828111898824
  },
  "Total" : {
    "transaction" : "Total",
    "sampleCount" : 41763,
    "errorCount" : 9,
    "errorPct" : 0.021550177,
    "meanResTime" : 2931.3444436463037,
    "medianResTime" : 3127.5,
    "minResTime" : 35.0,
    "maxResTime" : 136023.0,
    "pct1ResTime" : 9641.600000000006,
    "pct2ResTime" : 16795.750000000004,
    "pct3ResTime" : 21809.790000000034,
    "throughput" : 180.5311800254178,
    "receivedKBytesPerSec" : 400.53795324076873,
    "sentKBytesPerSec" : 111.91558897254619
  },
  "/api/offeringservice/getinsurancekring" : {
    "transaction" : "/api/offeringservice/getinsurancekring",
    "sampleCount" : 2924,
    "errorCount" : 0,
    "errorPct" : 0.0,
    "meanResTime" : 2922.6764705882338,
    "medianResTime" : 3471.0,
    "minResTime" : 57.0,
    "maxResTime" : 6260.0,
    "pct1ResTime" : 4750.5,
    "pct2ResTime" : 5027.75,
    "pct3ResTime" : 5504.5,
    "throughput" : 15.432196501894719,
    "receivedKBytesPerSec" : 8.39427094878453,
    "sentKBytesPerSec" : 9.93146239721545
  },
  "/api/loginservice/v2/login" : {
    "transaction" : "/api/loginservice/v2/login",
    "sampleCount" : 1,
    "errorCount" : 0,
    "errorPct" : 0.0,
    "meanResTime" : 441.0,
    "medianResTime" : 441.0,
    "minResTime" : 441.0,
    "maxResTime" : 441.0,
    "pct1ResTime" : 441.0,
    "pct2ResTime" : 441.0,
    "pct3ResTime" : 441.0,
    "throughput" : 2.2675736961451247,
    "receivedKBytesPerSec" : 41.6312358276644,
    "sentKBytesPerSec" : 2.6683850623582765
  },
  "esbmockupservice/signature_validate_event" : {
    "transaction" : "esbmockupservice/signature_validate_event",
    "sampleCount" : 907,
    "errorCount" : 0,
    "errorPct" : 0.0,
    "meanResTime" : 47.1113561190738,
    "medianResTime" : 41.0,
    "minResTime" : 35.0,
    "maxResTime" : 349.0,
    "pct1ResTime" : 49.0,
    "pct2ResTime" : 60.0,
    "pct3ResTime" : 293.91999999999996,
    "throughput" : 4.853355878874791,
    "receivedKBytesPerSec" : 1.09958844130757,
    "sentKBytesPerSec" : 2.905378079834226
  }
}